"EnvStep[EnvCreate[""CartPole-v0""], EnvActionSpaceSample[EnvCreate[""CartPole-v0""]], True][""observation""] -> EnvStep[EnvCreate[""CartPole-v0""], EnvActionSpaceSample[EnvCreate[""CartPole-v0""]], True][""reward""]"
"EnvStep[EnvCreate[""CartPole-v0""], EnvActionSpaceSample[EnvCreate[""CartPole-v0""]], True][""observation""] -> EnvStep[EnvCreate[""CartPole-v0""], EnvActionSpaceSample[EnvCreate[""CartPole-v0""]], True][""reward""]"
"EnvStep[EnvCreate[""CartPole-v0""], EnvActionSpaceSample[EnvCreate[""CartPole-v0""]], True][""observation""] -> EnvStep[EnvCreate[""CartPole-v0""], EnvActionSpaceSample[EnvCreate[""CartPole-v0""]], True][""reward""]"
"EnvStep[EnvCreate[""CartPole-v0""], EnvActionSpaceSample[EnvCreate[""CartPole-v0""]], True][""observation""] -> EnvStep[EnvCreate[""CartPole-v0""], EnvActionSpaceSample[EnvCreate[""CartPole-v0""]], True][""reward""]"
"EnvStep[EnvCreate[""CartPole-v0""], EnvActionSpaceSample[EnvCreate[""CartPole-v0""]], True][""observation""] -> EnvStep[EnvCreate[""CartPole-v0""], EnvActionSpaceSample[EnvCreate[""CartPole-v0""]], True][""reward""]"
"EnvStep[EnvCreate[""CartPole-v0""], EnvActionSpaceSample[EnvCreate[""CartPole-v0""]], True][""observation""] -> EnvStep[EnvCreate[""CartPole-v0""], EnvActionSpaceSample[EnvCreate[""CartPole-v0""]], True][""reward""]"
"EnvStep[EnvCreate[""CartPole-v0""], EnvActionSpaceSample[EnvCreate[""CartPole-v0""]], True][""observation""] -> EnvStep[EnvCreate[""CartPole-v0""], EnvActionSpaceSample[EnvCreate[""CartPole-v0""]], True][""reward""]"
"EnvStep[EnvCreate[""CartPole-v0""], EnvActionSpaceSample[EnvCreate[""CartPole-v0""]], True][""observation""] -> EnvStep[EnvCreate[""CartPole-v0""], EnvActionSpaceSample[EnvCreate[""CartPole-v0""]], True][""reward""]"
"EnvStep[EnvCreate[""CartPole-v0""], EnvActionSpaceSample[EnvCreate[""CartPole-v0""]], True][""observation""] -> EnvStep[EnvCreate[""CartPole-v0""], EnvActionSpaceSample[EnvCreate[""CartPole-v0""]], True][""reward""]"
"EnvStep[EnvCreate[""CartPole-v0""], EnvActionSpaceSample[EnvCreate[""CartPole-v0""]], True][""observation""] -> EnvStep[EnvCreate[""CartPole-v0""], EnvActionSpaceSample[EnvCreate[""CartPole-v0""]], True][""reward""]"
"EnvStep[EnvCreate[""CartPole-v0""], EnvActionSpaceSample[EnvCreate[""CartPole-v0""]], True][""observation""] -> EnvStep[EnvCreate[""CartPole-v0""], EnvActionSpaceSample[EnvCreate[""CartPole-v0""]], True][""reward""]"
"EnvStep[EnvCreate[""CartPole-v0""], EnvActionSpaceSample[EnvCreate[""CartPole-v0""]], True][""observation""] -> EnvStep[EnvCreate[""CartPole-v0""], EnvActionSpaceSample[EnvCreate[""CartPole-v0""]], True][""reward""]"
"EnvStep[EnvCreate[""CartPole-v0""], EnvActionSpaceSample[EnvCreate[""CartPole-v0""]], True][""observation""] -> EnvStep[EnvCreate[""CartPole-v0""], EnvActionSpaceSample[EnvCreate[""CartPole-v0""]], True][""reward""]"
"EnvStep[EnvCreate[""CartPole-v0""], EnvActionSpaceSample[EnvCreate[""CartPole-v0""]], True][""observation""] -> EnvStep[EnvCreate[""CartPole-v0""], EnvActionSpaceSample[EnvCreate[""CartPole-v0""]], True][""reward""]"
"EnvStep[EnvCreate[""CartPole-v0""], EnvActionSpaceSample[EnvCreate[""CartPole-v0""]], True][""observation""] -> EnvStep[EnvCreate[""CartPole-v0""], EnvActionSpaceSample[EnvCreate[""CartPole-v0""]], True][""reward""]"
"EnvStep[EnvCreate[""CartPole-v0""], EnvActionSpaceSample[EnvCreate[""CartPole-v0""]], True][""observation""] -> EnvStep[EnvCreate[""CartPole-v0""], EnvActionSpaceSample[EnvCreate[""CartPole-v0""]], True][""reward""]"
"EnvStep[EnvCreate[""CartPole-v0""], EnvActionSpaceSample[EnvCreate[""CartPole-v0""]], True][""observation""] -> EnvStep[EnvCreate[""CartPole-v0""], EnvActionSpaceSample[EnvCreate[""CartPole-v0""]], True][""reward""]"
"EnvStep[EnvCreate[""CartPole-v0""], EnvActionSpaceSample[EnvCreate[""CartPole-v0""]], True][""observation""] -> EnvStep[EnvCreate[""CartPole-v0""], EnvActionSpaceSample[EnvCreate[""CartPole-v0""]], True][""reward""]"
"EnvStep[EnvCreate[""CartPole-v0""], EnvActionSpaceSample[EnvCreate[""CartPole-v0""]], True][""observation""] -> EnvStep[EnvCreate[""CartPole-v0""], EnvActionSpaceSample[EnvCreate[""CartPole-v0""]], True][""reward""]"
"EnvStep[EnvCreate[""CartPole-v0""], EnvActionSpaceSample[EnvCreate[""CartPole-v0""]], True][""observation""] -> EnvStep[EnvCreate[""CartPole-v0""], EnvActionSpaceSample[EnvCreate[""CartPole-v0""]], True][""reward""]"
"EnvStep[EnvCreate[""CartPole-v0""], EnvActionSpaceSample[EnvCreate[""CartPole-v0""]], True][""observation""] -> EnvStep[EnvCreate[""CartPole-v0""], EnvActionSpaceSample[EnvCreate[""CartPole-v0""]], True][""reward""]"
"EnvStep[EnvCreate[""CartPole-v0""], EnvActionSpaceSample[EnvCreate[""CartPole-v0""]], True][""observation""] -> EnvStep[EnvCreate[""CartPole-v0""], EnvActionSpaceSample[EnvCreate[""CartPole-v0""]], True][""reward""]"
"EnvStep[EnvCreate[""CartPole-v0""], EnvActionSpaceSample[EnvCreate[""CartPole-v0""]], True][""observation""] -> EnvStep[EnvCreate[""CartPole-v0""], EnvActionSpaceSample[EnvCreate[""CartPole-v0""]], True][""reward""]"
"EnvStep[EnvCreate[""CartPole-v0""], EnvActionSpaceSample[EnvCreate[""CartPole-v0""]], True][""observation""] -> EnvStep[EnvCreate[""CartPole-v0""], EnvActionSpaceSample[EnvCreate[""CartPole-v0""]], True][""reward""]"
"EnvStep[EnvCreate[""CartPole-v0""], EnvActionSpaceSample[EnvCreate[""CartPole-v0""]], True][""observation""] -> EnvStep[EnvCreate[""CartPole-v0""], EnvActionSpaceSample[EnvCreate[""CartPole-v0""]], True][""reward""]"
"EnvStep[EnvCreate[""CartPole-v0""], EnvActionSpaceSample[EnvCreate[""CartPole-v0""]], True][""observation""] -> EnvStep[EnvCreate[""CartPole-v0""], EnvActionSpaceSample[EnvCreate[""CartPole-v0""]], True][""reward""]"
"EnvStep[EnvCreate[""CartPole-v0""], EnvActionSpaceSample[EnvCreate[""CartPole-v0""]], True][""observation""] -> EnvStep[EnvCreate[""CartPole-v0""], EnvActionSpaceSample[EnvCreate[""CartPole-v0""]], True][""reward""]"
"EnvStep[EnvCreate[""CartPole-v0""], EnvActionSpaceSample[EnvCreate[""CartPole-v0""]], True][""observation""] -> EnvStep[EnvCreate[""CartPole-v0""], EnvActionSpaceSample[EnvCreate[""CartPole-v0""]], True][""reward""]"
"EnvStep[EnvCreate[""CartPole-v0""], EnvActionSpaceSample[EnvCreate[""CartPole-v0""]], True][""observation""] -> EnvStep[EnvCreate[""CartPole-v0""], EnvActionSpaceSample[EnvCreate[""CartPole-v0""]], True][""reward""]"
"EnvStep[EnvCreate[""CartPole-v0""], EnvActionSpaceSample[EnvCreate[""CartPole-v0""]], True][""observation""] -> EnvStep[EnvCreate[""CartPole-v0""], EnvActionSpaceSample[EnvCreate[""CartPole-v0""]], True][""reward""]"
"EnvStep[EnvCreate[""CartPole-v0""], EnvActionSpaceSample[EnvCreate[""CartPole-v0""]], True][""observation""] -> EnvStep[EnvCreate[""CartPole-v0""], EnvActionSpaceSample[EnvCreate[""CartPole-v0""]], True][""reward""]"
"EnvStep[EnvCreate[""CartPole-v0""], EnvActionSpaceSample[EnvCreate[""CartPole-v0""]], True][""observation""] -> EnvStep[EnvCreate[""CartPole-v0""], EnvActionSpaceSample[EnvCreate[""CartPole-v0""]], True][""reward""]"
"EnvStep[EnvCreate[""CartPole-v0""], EnvActionSpaceSample[EnvCreate[""CartPole-v0""]], True][""observation""] -> EnvStep[EnvCreate[""CartPole-v0""], EnvActionSpaceSample[EnvCreate[""CartPole-v0""]], True][""reward""]"
"EnvStep[EnvCreate[""CartPole-v0""], EnvActionSpaceSample[EnvCreate[""CartPole-v0""]], True][""observation""] -> EnvStep[EnvCreate[""CartPole-v0""], EnvActionSpaceSample[EnvCreate[""CartPole-v0""]], True][""reward""]"
"EnvStep[EnvCreate[""CartPole-v0""], EnvActionSpaceSample[EnvCreate[""CartPole-v0""]], True][""observation""] -> EnvStep[EnvCreate[""CartPole-v0""], EnvActionSpaceSample[EnvCreate[""CartPole-v0""]], True][""reward""]"
"EnvStep[EnvCreate[""CartPole-v0""], EnvActionSpaceSample[EnvCreate[""CartPole-v0""]], True][""observation""] -> EnvStep[EnvCreate[""CartPole-v0""], EnvActionSpaceSample[EnvCreate[""CartPole-v0""]], True][""reward""]"
"EnvStep[EnvCreate[""CartPole-v0""], EnvActionSpaceSample[EnvCreate[""CartPole-v0""]], True][""observation""] -> EnvStep[EnvCreate[""CartPole-v0""], EnvActionSpaceSample[EnvCreate[""CartPole-v0""]], True][""reward""]"
"EnvStep[EnvCreate[""CartPole-v0""], EnvActionSpaceSample[EnvCreate[""CartPole-v0""]], True][""observation""] -> EnvStep[EnvCreate[""CartPole-v0""], EnvActionSpaceSample[EnvCreate[""CartPole-v0""]], True][""reward""]"
"EnvStep[EnvCreate[""CartPole-v0""], EnvActionSpaceSample[EnvCreate[""CartPole-v0""]], True][""observation""] -> EnvStep[EnvCreate[""CartPole-v0""], EnvActionSpaceSample[EnvCreate[""CartPole-v0""]], True][""reward""]"
"EnvStep[EnvCreate[""CartPole-v0""], EnvActionSpaceSample[EnvCreate[""CartPole-v0""]], True][""observation""] -> EnvStep[EnvCreate[""CartPole-v0""], EnvActionSpaceSample[EnvCreate[""CartPole-v0""]], True][""reward""]"
"EnvStep[EnvCreate[""CartPole-v0""], EnvActionSpaceSample[EnvCreate[""CartPole-v0""]], True][""observation""] -> EnvStep[EnvCreate[""CartPole-v0""], EnvActionSpaceSample[EnvCreate[""CartPole-v0""]], True][""reward""]"
"EnvStep[EnvCreate[""CartPole-v0""], EnvActionSpaceSample[EnvCreate[""CartPole-v0""]], True][""observation""] -> EnvStep[EnvCreate[""CartPole-v0""], EnvActionSpaceSample[EnvCreate[""CartPole-v0""]], True][""reward""]"
"EnvStep[EnvCreate[""CartPole-v0""], EnvActionSpaceSample[EnvCreate[""CartPole-v0""]], True][""observation""] -> EnvStep[EnvCreate[""CartPole-v0""], EnvActionSpaceSample[EnvCreate[""CartPole-v0""]], True][""reward""]"
"EnvStep[EnvCreate[""CartPole-v0""], EnvActionSpaceSample[EnvCreate[""CartPole-v0""]], True][""observation""] -> EnvStep[EnvCreate[""CartPole-v0""], EnvActionSpaceSample[EnvCreate[""CartPole-v0""]], True][""reward""]"
"EnvStep[EnvCreate[""CartPole-v0""], EnvActionSpaceSample[EnvCreate[""CartPole-v0""]], True][""observation""] -> EnvStep[EnvCreate[""CartPole-v0""], EnvActionSpaceSample[EnvCreate[""CartPole-v0""]], True][""reward""]"
"EnvStep[EnvCreate[""CartPole-v0""], EnvActionSpaceSample[EnvCreate[""CartPole-v0""]], True][""observation""] -> EnvStep[EnvCreate[""CartPole-v0""], EnvActionSpaceSample[EnvCreate[""CartPole-v0""]], True][""reward""]"
"EnvStep[EnvCreate[""CartPole-v0""], EnvActionSpaceSample[EnvCreate[""CartPole-v0""]], True][""observation""] -> EnvStep[EnvCreate[""CartPole-v0""], EnvActionSpaceSample[EnvCreate[""CartPole-v0""]], True][""reward""]"
"EnvStep[EnvCreate[""CartPole-v0""], EnvActionSpaceSample[EnvCreate[""CartPole-v0""]], True][""observation""] -> EnvStep[EnvCreate[""CartPole-v0""], EnvActionSpaceSample[EnvCreate[""CartPole-v0""]], True][""reward""]"
"EnvStep[EnvCreate[""CartPole-v0""], EnvActionSpaceSample[EnvCreate[""CartPole-v0""]], True][""observation""] -> EnvStep[EnvCreate[""CartPole-v0""], EnvActionSpaceSample[EnvCreate[""CartPole-v0""]], True][""reward""]"
"EnvStep[EnvCreate[""CartPole-v0""], EnvActionSpaceSample[EnvCreate[""CartPole-v0""]], True][""observation""] -> EnvStep[EnvCreate[""CartPole-v0""], EnvActionSpaceSample[EnvCreate[""CartPole-v0""]], True][""reward""]"
"EnvStep[EnvCreate[""CartPole-v0""], EnvActionSpaceSample[EnvCreate[""CartPole-v0""]], True][""observation""] -> EnvStep[EnvCreate[""CartPole-v0""], EnvActionSpaceSample[EnvCreate[""CartPole-v0""]], True][""reward""]"
"EnvStep[EnvCreate[""CartPole-v0""], EnvActionSpaceSample[EnvCreate[""CartPole-v0""]], True][""observation""] -> EnvStep[EnvCreate[""CartPole-v0""], EnvActionSpaceSample[EnvCreate[""CartPole-v0""]], True][""reward""]"
"EnvStep[EnvCreate[""CartPole-v0""], EnvActionSpaceSample[EnvCreate[""CartPole-v0""]], True][""observation""] -> EnvStep[EnvCreate[""CartPole-v0""], EnvActionSpaceSample[EnvCreate[""CartPole-v0""]], True][""reward""]"
"EnvStep[EnvCreate[""CartPole-v0""], EnvActionSpaceSample[EnvCreate[""CartPole-v0""]], True][""observation""] -> EnvStep[EnvCreate[""CartPole-v0""], EnvActionSpaceSample[EnvCreate[""CartPole-v0""]], True][""reward""]"
"EnvStep[EnvCreate[""CartPole-v0""], EnvActionSpaceSample[EnvCreate[""CartPole-v0""]], True][""observation""] -> EnvStep[EnvCreate[""CartPole-v0""], EnvActionSpaceSample[EnvCreate[""CartPole-v0""]], True][""reward""]"
"EnvStep[EnvCreate[""CartPole-v0""], EnvActionSpaceSample[EnvCreate[""CartPole-v0""]], True][""observation""] -> EnvStep[EnvCreate[""CartPole-v0""], EnvActionSpaceSample[EnvCreate[""CartPole-v0""]], True][""reward""]"
"EnvStep[EnvCreate[""CartPole-v0""], EnvActionSpaceSample[EnvCreate[""CartPole-v0""]], True][""observation""] -> EnvStep[EnvCreate[""CartPole-v0""], EnvActionSpaceSample[EnvCreate[""CartPole-v0""]], True][""reward""]"
"EnvStep[EnvCreate[""CartPole-v0""], EnvActionSpaceSample[EnvCreate[""CartPole-v0""]], True][""observation""] -> EnvStep[EnvCreate[""CartPole-v0""], EnvActionSpaceSample[EnvCreate[""CartPole-v0""]], True][""reward""]"
"EnvStep[EnvCreate[""CartPole-v0""], EnvActionSpaceSample[EnvCreate[""CartPole-v0""]], True][""observation""] -> EnvStep[EnvCreate[""CartPole-v0""], EnvActionSpaceSample[EnvCreate[""CartPole-v0""]], True][""reward""]"
"EnvStep[EnvCreate[""CartPole-v0""], EnvActionSpaceSample[EnvCreate[""CartPole-v0""]], True][""observation""] -> EnvStep[EnvCreate[""CartPole-v0""], EnvActionSpaceSample[EnvCreate[""CartPole-v0""]], True][""reward""]"
"EnvStep[EnvCreate[""CartPole-v0""], EnvActionSpaceSample[EnvCreate[""CartPole-v0""]], True][""observation""] -> EnvStep[EnvCreate[""CartPole-v0""], EnvActionSpaceSample[EnvCreate[""CartPole-v0""]], True][""reward""]"
"EnvStep[EnvCreate[""CartPole-v0""], EnvActionSpaceSample[EnvCreate[""CartPole-v0""]], True][""observation""] -> EnvStep[EnvCreate[""CartPole-v0""], EnvActionSpaceSample[EnvCreate[""CartPole-v0""]], True][""reward""]"
"EnvStep[EnvCreate[""CartPole-v0""], EnvActionSpaceSample[EnvCreate[""CartPole-v0""]], True][""observation""] -> EnvStep[EnvCreate[""CartPole-v0""], EnvActionSpaceSample[EnvCreate[""CartPole-v0""]], True][""reward""]"
"EnvStep[EnvCreate[""CartPole-v0""], EnvActionSpaceSample[EnvCreate[""CartPole-v0""]], True][""observation""] -> EnvStep[EnvCreate[""CartPole-v0""], EnvActionSpaceSample[EnvCreate[""CartPole-v0""]], True][""reward""]"
"EnvStep[EnvCreate[""CartPole-v0""], EnvActionSpaceSample[EnvCreate[""CartPole-v0""]], True][""observation""] -> EnvStep[EnvCreate[""CartPole-v0""], EnvActionSpaceSample[EnvCreate[""CartPole-v0""]], True][""reward""]"
"EnvStep[EnvCreate[""CartPole-v0""], EnvActionSpaceSample[EnvCreate[""CartPole-v0""]], True][""observation""] -> EnvStep[EnvCreate[""CartPole-v0""], EnvActionSpaceSample[EnvCreate[""CartPole-v0""]], True][""reward""]"
"EnvStep[EnvCreate[""CartPole-v0""], EnvActionSpaceSample[EnvCreate[""CartPole-v0""]], True][""observation""] -> EnvStep[EnvCreate[""CartPole-v0""], EnvActionSpaceSample[EnvCreate[""CartPole-v0""]], True][""reward""]"
"EnvStep[EnvCreate[""CartPole-v0""], EnvActionSpaceSample[EnvCreate[""CartPole-v0""]], True][""observation""] -> EnvStep[EnvCreate[""CartPole-v0""], EnvActionSpaceSample[EnvCreate[""CartPole-v0""]], True][""reward""]"
"EnvStep[EnvCreate[""CartPole-v0""], EnvActionSpaceSample[EnvCreate[""CartPole-v0""]], True][""observation""] -> EnvStep[EnvCreate[""CartPole-v0""], EnvActionSpaceSample[EnvCreate[""CartPole-v0""]], True][""reward""]"
"EnvStep[EnvCreate[""CartPole-v0""], EnvActionSpaceSample[EnvCreate[""CartPole-v0""]], True][""observation""] -> EnvStep[EnvCreate[""CartPole-v0""], EnvActionSpaceSample[EnvCreate[""CartPole-v0""]], True][""reward""]"
"EnvStep[EnvCreate[""CartPole-v0""], EnvActionSpaceSample[EnvCreate[""CartPole-v0""]], True][""observation""] -> EnvStep[EnvCreate[""CartPole-v0""], EnvActionSpaceSample[EnvCreate[""CartPole-v0""]], True][""reward""]"
"EnvStep[EnvCreate[""CartPole-v0""], EnvActionSpaceSample[EnvCreate[""CartPole-v0""]], True][""observation""] -> EnvStep[EnvCreate[""CartPole-v0""], EnvActionSpaceSample[EnvCreate[""CartPole-v0""]], True][""reward""]"
"EnvStep[EnvCreate[""CartPole-v0""], EnvActionSpaceSample[EnvCreate[""CartPole-v0""]], True][""observation""] -> EnvStep[EnvCreate[""CartPole-v0""], EnvActionSpaceSample[EnvCreate[""CartPole-v0""]], True][""reward""]"
"EnvStep[EnvCreate[""CartPole-v0""], EnvActionSpaceSample[EnvCreate[""CartPole-v0""]], True][""observation""] -> EnvStep[EnvCreate[""CartPole-v0""], EnvActionSpaceSample[EnvCreate[""CartPole-v0""]], True][""reward""]"
"EnvStep[EnvCreate[""CartPole-v0""], EnvActionSpaceSample[EnvCreate[""CartPole-v0""]], True][""observation""] -> EnvStep[EnvCreate[""CartPole-v0""], EnvActionSpaceSample[EnvCreate[""CartPole-v0""]], True][""reward""]"
"EnvStep[EnvCreate[""CartPole-v0""], EnvActionSpaceSample[EnvCreate[""CartPole-v0""]], True][""observation""] -> EnvStep[EnvCreate[""CartPole-v0""], EnvActionSpaceSample[EnvCreate[""CartPole-v0""]], True][""reward""]"
"EnvStep[EnvCreate[""CartPole-v0""], EnvActionSpaceSample[EnvCreate[""CartPole-v0""]], True][""observation""] -> EnvStep[EnvCreate[""CartPole-v0""], EnvActionSpaceSample[EnvCreate[""CartPole-v0""]], True][""reward""]"
"EnvStep[EnvCreate[""CartPole-v0""], EnvActionSpaceSample[EnvCreate[""CartPole-v0""]], True][""observation""] -> EnvStep[EnvCreate[""CartPole-v0""], EnvActionSpaceSample[EnvCreate[""CartPole-v0""]], True][""reward""]"
"EnvStep[EnvCreate[""CartPole-v0""], EnvActionSpaceSample[EnvCreate[""CartPole-v0""]], True][""observation""] -> EnvStep[EnvCreate[""CartPole-v0""], EnvActionSpaceSample[EnvCreate[""CartPole-v0""]], True][""reward""]"
"EnvStep[EnvCreate[""CartPole-v0""], EnvActionSpaceSample[EnvCreate[""CartPole-v0""]], True][""observation""] -> EnvStep[EnvCreate[""CartPole-v0""], EnvActionSpaceSample[EnvCreate[""CartPole-v0""]], True][""reward""]"
"EnvStep[EnvCreate[""CartPole-v0""], EnvActionSpaceSample[EnvCreate[""CartPole-v0""]], True][""observation""] -> EnvStep[EnvCreate[""CartPole-v0""], EnvActionSpaceSample[EnvCreate[""CartPole-v0""]], True][""reward""]"
"EnvStep[EnvCreate[""CartPole-v0""], EnvActionSpaceSample[EnvCreate[""CartPole-v0""]], True][""observation""] -> EnvStep[EnvCreate[""CartPole-v0""], EnvActionSpaceSample[EnvCreate[""CartPole-v0""]], True][""reward""]"
"EnvStep[EnvCreate[""CartPole-v0""], EnvActionSpaceSample[EnvCreate[""CartPole-v0""]], True][""observation""] -> EnvStep[EnvCreate[""CartPole-v0""], EnvActionSpaceSample[EnvCreate[""CartPole-v0""]], True][""reward""]"
"EnvStep[EnvCreate[""CartPole-v0""], EnvActionSpaceSample[EnvCreate[""CartPole-v0""]], True][""observation""] -> EnvStep[EnvCreate[""CartPole-v0""], EnvActionSpaceSample[EnvCreate[""CartPole-v0""]], True][""reward""]"
"EnvStep[EnvCreate[""CartPole-v0""], EnvActionSpaceSample[EnvCreate[""CartPole-v0""]], True][""observation""] -> EnvStep[EnvCreate[""CartPole-v0""], EnvActionSpaceSample[EnvCreate[""CartPole-v0""]], True][""reward""]"
"EnvStep[EnvCreate[""CartPole-v0""], EnvActionSpaceSample[EnvCreate[""CartPole-v0""]], True][""observation""] -> EnvStep[EnvCreate[""CartPole-v0""], EnvActionSpaceSample[EnvCreate[""CartPole-v0""]], True][""reward""]"
"EnvStep[EnvCreate[""CartPole-v0""], EnvActionSpaceSample[EnvCreate[""CartPole-v0""]], True][""observation""] -> EnvStep[EnvCreate[""CartPole-v0""], EnvActionSpaceSample[EnvCreate[""CartPole-v0""]], True][""reward""]"
"EnvStep[EnvCreate[""CartPole-v0""], EnvActionSpaceSample[EnvCreate[""CartPole-v0""]], True][""observation""] -> EnvStep[EnvCreate[""CartPole-v0""], EnvActionSpaceSample[EnvCreate[""CartPole-v0""]], True][""reward""]"
"EnvStep[EnvCreate[""CartPole-v0""], EnvActionSpaceSample[EnvCreate[""CartPole-v0""]], True][""observation""] -> EnvStep[EnvCreate[""CartPole-v0""], EnvActionSpaceSample[EnvCreate[""CartPole-v0""]], True][""reward""]"
"EnvStep[EnvCreate[""CartPole-v0""], EnvActionSpaceSample[EnvCreate[""CartPole-v0""]], True][""observation""] -> EnvStep[EnvCreate[""CartPole-v0""], EnvActionSpaceSample[EnvCreate[""CartPole-v0""]], True][""reward""]"
"EnvStep[EnvCreate[""CartPole-v0""], EnvActionSpaceSample[EnvCreate[""CartPole-v0""]], True][""observation""] -> EnvStep[EnvCreate[""CartPole-v0""], EnvActionSpaceSample[EnvCreate[""CartPole-v0""]], True][""reward""]"
"EnvStep[EnvCreate[""CartPole-v0""], EnvActionSpaceSample[EnvCreate[""CartPole-v0""]], True][""observation""] -> EnvStep[EnvCreate[""CartPole-v0""], EnvActionSpaceSample[EnvCreate[""CartPole-v0""]], True][""reward""]"
"EnvStep[EnvCreate[""CartPole-v0""], EnvActionSpaceSample[EnvCreate[""CartPole-v0""]], True][""observation""] -> EnvStep[EnvCreate[""CartPole-v0""], EnvActionSpaceSample[EnvCreate[""CartPole-v0""]], True][""reward""]"
"EnvStep[EnvCreate[""CartPole-v0""], EnvActionSpaceSample[EnvCreate[""CartPole-v0""]], True][""observation""] -> EnvStep[EnvCreate[""CartPole-v0""], EnvActionSpaceSample[EnvCreate[""CartPole-v0""]], True][""reward""]"
"EnvStep[EnvCreate[""CartPole-v0""], EnvActionSpaceSample[EnvCreate[""CartPole-v0""]], True][""observation""] -> EnvStep[EnvCreate[""CartPole-v0""], EnvActionSpaceSample[EnvCreate[""CartPole-v0""]], True][""reward""]"
"EnvStep[EnvCreate[""CartPole-v0""], EnvActionSpaceSample[EnvCreate[""CartPole-v0""]], True][""observation""] -> EnvStep[EnvCreate[""CartPole-v0""], EnvActionSpaceSample[EnvCreate[""CartPole-v0""]], True][""reward""]"
"EnvStep[EnvCreate[""CartPole-v0""], EnvActionSpaceSample[EnvCreate[""CartPole-v0""]], True][""observation""] -> EnvStep[EnvCreate[""CartPole-v0""], EnvActionSpaceSample[EnvCreate[""CartPole-v0""]], True][""reward""]"
"EnvStep[EnvCreate[""CartPole-v0""], EnvActionSpaceSample[EnvCreate[""CartPole-v0""]], True][""observation""] -> EnvStep[EnvCreate[""CartPole-v0""], EnvActionSpaceSample[EnvCreate[""CartPole-v0""]], True][""reward""]"
"EnvStep[EnvCreate[""CartPole-v0""], EnvActionSpaceSample[EnvCreate[""CartPole-v0""]], True][""observation""] -> EnvStep[EnvCreate[""CartPole-v0""], EnvActionSpaceSample[EnvCreate[""CartPole-v0""]], True][""reward""]"
"EnvStep[EnvCreate[""CartPole-v0""], EnvActionSpaceSample[EnvCreate[""CartPole-v0""]], True][""observation""] -> EnvStep[EnvCreate[""CartPole-v0""], EnvActionSpaceSample[EnvCreate[""CartPole-v0""]], True][""reward""]"
"EnvStep[EnvCreate[""CartPole-v0""], EnvActionSpaceSample[EnvCreate[""CartPole-v0""]], True][""observation""] -> EnvStep[EnvCreate[""CartPole-v0""], EnvActionSpaceSample[EnvCreate[""CartPole-v0""]], True][""reward""]"
"EnvStep[EnvCreate[""CartPole-v0""], EnvActionSpaceSample[EnvCreate[""CartPole-v0""]], True][""observation""] -> EnvStep[EnvCreate[""CartPole-v0""], EnvActionSpaceSample[EnvCreate[""CartPole-v0""]], True][""reward""]"
"EnvStep[EnvCreate[""CartPole-v0""], EnvActionSpaceSample[EnvCreate[""CartPole-v0""]], True][""observation""] -> EnvStep[EnvCreate[""CartPole-v0""], EnvActionSpaceSample[EnvCreate[""CartPole-v0""]], True][""reward""]"
"EnvStep[EnvCreate[""CartPole-v0""], EnvActionSpaceSample[EnvCreate[""CartPole-v0""]], True][""observation""] -> EnvStep[EnvCreate[""CartPole-v0""], EnvActionSpaceSample[EnvCreate[""CartPole-v0""]], True][""reward""]"
"EnvStep[EnvCreate[""CartPole-v0""], EnvActionSpaceSample[EnvCreate[""CartPole-v0""]], True][""observation""] -> EnvStep[EnvCreate[""CartPole-v0""], EnvActionSpaceSample[EnvCreate[""CartPole-v0""]], True][""reward""]"
"EnvStep[EnvCreate[""CartPole-v0""], EnvActionSpaceSample[EnvCreate[""CartPole-v0""]], True][""observation""] -> EnvStep[EnvCreate[""CartPole-v0""], EnvActionSpaceSample[EnvCreate[""CartPole-v0""]], True][""reward""]"
"EnvStep[EnvCreate[""CartPole-v0""], EnvActionSpaceSample[EnvCreate[""CartPole-v0""]], True][""observation""] -> EnvStep[EnvCreate[""CartPole-v0""], EnvActionSpaceSample[EnvCreate[""CartPole-v0""]], True][""reward""]"
"EnvStep[EnvCreate[""CartPole-v0""], EnvActionSpaceSample[EnvCreate[""CartPole-v0""]], True][""observation""] -> EnvStep[EnvCreate[""CartPole-v0""], EnvActionSpaceSample[EnvCreate[""CartPole-v0""]], True][""reward""]"
"EnvStep[EnvCreate[""CartPole-v0""], EnvActionSpaceSample[EnvCreate[""CartPole-v0""]], True][""observation""] -> EnvStep[EnvCreate[""CartPole-v0""], EnvActionSpaceSample[EnvCreate[""CartPole-v0""]], True][""reward""]"
"EnvStep[EnvCreate[""CartPole-v0""], EnvActionSpaceSample[EnvCreate[""CartPole-v0""]], True][""observation""] -> EnvStep[EnvCreate[""CartPole-v0""], EnvActionSpaceSample[EnvCreate[""CartPole-v0""]], True][""reward""]"
"EnvStep[EnvCreate[""CartPole-v0""], EnvActionSpaceSample[EnvCreate[""CartPole-v0""]], True][""observation""] -> EnvStep[EnvCreate[""CartPole-v0""], EnvActionSpaceSample[EnvCreate[""CartPole-v0""]], True][""reward""]"
"EnvStep[EnvCreate[""CartPole-v0""], EnvActionSpaceSample[EnvCreate[""CartPole-v0""]], True][""observation""] -> EnvStep[EnvCreate[""CartPole-v0""], EnvActionSpaceSample[EnvCreate[""CartPole-v0""]], True][""reward""]"
"EnvStep[EnvCreate[""CartPole-v0""], EnvActionSpaceSample[EnvCreate[""CartPole-v0""]], True][""observation""] -> EnvStep[EnvCreate[""CartPole-v0""], EnvActionSpaceSample[EnvCreate[""CartPole-v0""]], True][""reward""]"
"EnvStep[EnvCreate[""CartPole-v0""], EnvActionSpaceSample[EnvCreate[""CartPole-v0""]], True][""observation""] -> EnvStep[EnvCreate[""CartPole-v0""], EnvActionSpaceSample[EnvCreate[""CartPole-v0""]], True][""reward""]"
"EnvStep[EnvCreate[""CartPole-v0""], EnvActionSpaceSample[EnvCreate[""CartPole-v0""]], True][""observation""] -> EnvStep[EnvCreate[""CartPole-v0""], EnvActionSpaceSample[EnvCreate[""CartPole-v0""]], True][""reward""]"
"EnvStep[EnvCreate[""CartPole-v0""], EnvActionSpaceSample[EnvCreate[""CartPole-v0""]], True][""observation""] -> EnvStep[EnvCreate[""CartPole-v0""], EnvActionSpaceSample[EnvCreate[""CartPole-v0""]], True][""reward""]"
"EnvStep[EnvCreate[""CartPole-v0""], EnvActionSpaceSample[EnvCreate[""CartPole-v0""]], True][""observation""] -> EnvStep[EnvCreate[""CartPole-v0""], EnvActionSpaceSample[EnvCreate[""CartPole-v0""]], True][""reward""]"
"EnvStep[EnvCreate[""CartPole-v0""], EnvActionSpaceSample[EnvCreate[""CartPole-v0""]], True][""observation""] -> EnvStep[EnvCreate[""CartPole-v0""], EnvActionSpaceSample[EnvCreate[""CartPole-v0""]], True][""reward""]"
"EnvStep[EnvCreate[""CartPole-v0""], EnvActionSpaceSample[EnvCreate[""CartPole-v0""]], True][""observation""] -> EnvStep[EnvCreate[""CartPole-v0""], EnvActionSpaceSample[EnvCreate[""CartPole-v0""]], True][""reward""]"
"EnvStep[EnvCreate[""CartPole-v0""], EnvActionSpaceSample[EnvCreate[""CartPole-v0""]], True][""observation""] -> EnvStep[EnvCreate[""CartPole-v0""], EnvActionSpaceSample[EnvCreate[""CartPole-v0""]], True][""reward""]"
"EnvStep[EnvCreate[""CartPole-v0""], EnvActionSpaceSample[EnvCreate[""CartPole-v0""]], True][""observation""] -> EnvStep[EnvCreate[""CartPole-v0""], EnvActionSpaceSample[EnvCreate[""CartPole-v0""]], True][""reward""]"
"EnvStep[EnvCreate[""CartPole-v0""], EnvActionSpaceSample[EnvCreate[""CartPole-v0""]], True][""observation""] -> EnvStep[EnvCreate[""CartPole-v0""], EnvActionSpaceSample[EnvCreate[""CartPole-v0""]], True][""reward""]"
"EnvStep[EnvCreate[""CartPole-v0""], EnvActionSpaceSample[EnvCreate[""CartPole-v0""]], True][""observation""] -> EnvStep[EnvCreate[""CartPole-v0""], EnvActionSpaceSample[EnvCreate[""CartPole-v0""]], True][""reward""]"
"EnvStep[EnvCreate[""CartPole-v0""], EnvActionSpaceSample[EnvCreate[""CartPole-v0""]], True][""observation""] -> EnvStep[EnvCreate[""CartPole-v0""], EnvActionSpaceSample[EnvCreate[""CartPole-v0""]], True][""reward""]"
"EnvStep[EnvCreate[""CartPole-v0""], EnvActionSpaceSample[EnvCreate[""CartPole-v0""]], True][""observation""] -> EnvStep[EnvCreate[""CartPole-v0""], EnvActionSpaceSample[EnvCreate[""CartPole-v0""]], True][""reward""]"
"EnvStep[EnvCreate[""CartPole-v0""], EnvActionSpaceSample[EnvCreate[""CartPole-v0""]], True][""observation""] -> EnvStep[EnvCreate[""CartPole-v0""], EnvActionSpaceSample[EnvCreate[""CartPole-v0""]], True][""reward""]"
"EnvStep[EnvCreate[""CartPole-v0""], EnvActionSpaceSample[EnvCreate[""CartPole-v0""]], True][""observation""] -> EnvStep[EnvCreate[""CartPole-v0""], EnvActionSpaceSample[EnvCreate[""CartPole-v0""]], True][""reward""]"
"EnvStep[EnvCreate[""CartPole-v0""], EnvActionSpaceSample[EnvCreate[""CartPole-v0""]], True][""observation""] -> EnvStep[EnvCreate[""CartPole-v0""], EnvActionSpaceSample[EnvCreate[""CartPole-v0""]], True][""reward""]"
"EnvStep[EnvCreate[""CartPole-v0""], EnvActionSpaceSample[EnvCreate[""CartPole-v0""]], True][""observation""] -> EnvStep[EnvCreate[""CartPole-v0""], EnvActionSpaceSample[EnvCreate[""CartPole-v0""]], True][""reward""]"
"EnvStep[EnvCreate[""CartPole-v0""], EnvActionSpaceSample[EnvCreate[""CartPole-v0""]], True][""observation""] -> EnvStep[EnvCreate[""CartPole-v0""], EnvActionSpaceSample[EnvCreate[""CartPole-v0""]], True][""reward""]"
"EnvStep[EnvCreate[""CartPole-v0""], EnvActionSpaceSample[EnvCreate[""CartPole-v0""]], True][""observation""] -> EnvStep[EnvCreate[""CartPole-v0""], EnvActionSpaceSample[EnvCreate[""CartPole-v0""]], True][""reward""]"
"EnvStep[EnvCreate[""CartPole-v0""], EnvActionSpaceSample[EnvCreate[""CartPole-v0""]], True][""observation""] -> EnvStep[EnvCreate[""CartPole-v0""], EnvActionSpaceSample[EnvCreate[""CartPole-v0""]], True][""reward""]"
"EnvStep[EnvCreate[""CartPole-v0""], EnvActionSpaceSample[EnvCreate[""CartPole-v0""]], True][""observation""] -> EnvStep[EnvCreate[""CartPole-v0""], EnvActionSpaceSample[EnvCreate[""CartPole-v0""]], True][""reward""]"
"EnvStep[EnvCreate[""CartPole-v0""], EnvActionSpaceSample[EnvCreate[""CartPole-v0""]], True][""observation""] -> EnvStep[EnvCreate[""CartPole-v0""], EnvActionSpaceSample[EnvCreate[""CartPole-v0""]], True][""reward""]"
"EnvStep[EnvCreate[""CartPole-v0""], EnvActionSpaceSample[EnvCreate[""CartPole-v0""]], True][""observation""] -> EnvStep[EnvCreate[""CartPole-v0""], EnvActionSpaceSample[EnvCreate[""CartPole-v0""]], True][""reward""]"
"EnvStep[EnvCreate[""CartPole-v0""], EnvActionSpaceSample[EnvCreate[""CartPole-v0""]], True][""observation""] -> EnvStep[EnvCreate[""CartPole-v0""], EnvActionSpaceSample[EnvCreate[""CartPole-v0""]], True][""reward""]"
"EnvStep[EnvCreate[""CartPole-v0""], EnvActionSpaceSample[EnvCreate[""CartPole-v0""]], True][""observation""] -> EnvStep[EnvCreate[""CartPole-v0""], EnvActionSpaceSample[EnvCreate[""CartPole-v0""]], True][""reward""]"
"EnvStep[EnvCreate[""CartPole-v0""], EnvActionSpaceSample[EnvCreate[""CartPole-v0""]], True][""observation""] -> EnvStep[EnvCreate[""CartPole-v0""], EnvActionSpaceSample[EnvCreate[""CartPole-v0""]], True][""reward""]"
"EnvStep[EnvCreate[""CartPole-v0""], EnvActionSpaceSample[EnvCreate[""CartPole-v0""]], True][""observation""] -> EnvStep[EnvCreate[""CartPole-v0""], EnvActionSpaceSample[EnvCreate[""CartPole-v0""]], True][""reward""]"
"EnvStep[EnvCreate[""CartPole-v0""], EnvActionSpaceSample[EnvCreate[""CartPole-v0""]], True][""observation""] -> EnvStep[EnvCreate[""CartPole-v0""], EnvActionSpaceSample[EnvCreate[""CartPole-v0""]], True][""reward""]"
"EnvStep[EnvCreate[""CartPole-v0""], EnvActionSpaceSample[EnvCreate[""CartPole-v0""]], True][""observation""] -> EnvStep[EnvCreate[""CartPole-v0""], EnvActionSpaceSample[EnvCreate[""CartPole-v0""]], True][""reward""]"
"EnvStep[EnvCreate[""CartPole-v0""], EnvActionSpaceSample[EnvCreate[""CartPole-v0""]], True][""observation""] -> EnvStep[EnvCreate[""CartPole-v0""], EnvActionSpaceSample[EnvCreate[""CartPole-v0""]], True][""reward""]"
"EnvStep[EnvCreate[""CartPole-v0""], EnvActionSpaceSample[EnvCreate[""CartPole-v0""]], True][""observation""] -> EnvStep[EnvCreate[""CartPole-v0""], EnvActionSpaceSample[EnvCreate[""CartPole-v0""]], True][""reward""]"
"EnvStep[EnvCreate[""CartPole-v0""], EnvActionSpaceSample[EnvCreate[""CartPole-v0""]], True][""observation""] -> EnvStep[EnvCreate[""CartPole-v0""], EnvActionSpaceSample[EnvCreate[""CartPole-v0""]], True][""reward""]"
"EnvStep[EnvCreate[""CartPole-v0""], EnvActionSpaceSample[EnvCreate[""CartPole-v0""]], True][""observation""] -> EnvStep[EnvCreate[""CartPole-v0""], EnvActionSpaceSample[EnvCreate[""CartPole-v0""]], True][""reward""]"
"EnvStep[EnvCreate[""CartPole-v0""], EnvActionSpaceSample[EnvCreate[""CartPole-v0""]], True][""observation""] -> EnvStep[EnvCreate[""CartPole-v0""], EnvActionSpaceSample[EnvCreate[""CartPole-v0""]], True][""reward""]"
"EnvStep[EnvCreate[""CartPole-v0""], EnvActionSpaceSample[EnvCreate[""CartPole-v0""]], True][""observation""] -> EnvStep[EnvCreate[""CartPole-v0""], EnvActionSpaceSample[EnvCreate[""CartPole-v0""]], True][""reward""]"
"EnvStep[EnvCreate[""CartPole-v0""], EnvActionSpaceSample[EnvCreate[""CartPole-v0""]], True][""observation""] -> EnvStep[EnvCreate[""CartPole-v0""], EnvActionSpaceSample[EnvCreate[""CartPole-v0""]], True][""reward""]"
"EnvStep[EnvCreate[""CartPole-v0""], EnvActionSpaceSample[EnvCreate[""CartPole-v0""]], True][""observation""] -> EnvStep[EnvCreate[""CartPole-v0""], EnvActionSpaceSample[EnvCreate[""CartPole-v0""]], True][""reward""]"
"EnvStep[EnvCreate[""CartPole-v0""], EnvActionSpaceSample[EnvCreate[""CartPole-v0""]], True][""observation""] -> EnvStep[EnvCreate[""CartPole-v0""], EnvActionSpaceSample[EnvCreate[""CartPole-v0""]], True][""reward""]"
"EnvStep[EnvCreate[""CartPole-v0""], EnvActionSpaceSample[EnvCreate[""CartPole-v0""]], True][""observation""] -> EnvStep[EnvCreate[""CartPole-v0""], EnvActionSpaceSample[EnvCreate[""CartPole-v0""]], True][""reward""]"
"EnvStep[EnvCreate[""CartPole-v0""], EnvActionSpaceSample[EnvCreate[""CartPole-v0""]], True][""observation""] -> EnvStep[EnvCreate[""CartPole-v0""], EnvActionSpaceSample[EnvCreate[""CartPole-v0""]], True][""reward""]"
"EnvStep[EnvCreate[""CartPole-v0""], EnvActionSpaceSample[EnvCreate[""CartPole-v0""]], True][""observation""] -> EnvStep[EnvCreate[""CartPole-v0""], EnvActionSpaceSample[EnvCreate[""CartPole-v0""]], True][""reward""]"
"EnvStep[EnvCreate[""CartPole-v0""], EnvActionSpaceSample[EnvCreate[""CartPole-v0""]], True][""observation""] -> EnvStep[EnvCreate[""CartPole-v0""], EnvActionSpaceSample[EnvCreate[""CartPole-v0""]], True][""reward""]"
"EnvStep[EnvCreate[""CartPole-v0""], EnvActionSpaceSample[EnvCreate[""CartPole-v0""]], True][""observation""] -> EnvStep[EnvCreate[""CartPole-v0""], EnvActionSpaceSample[EnvCreate[""CartPole-v0""]], True][""reward""]"
"EnvStep[EnvCreate[""CartPole-v0""], EnvActionSpaceSample[EnvCreate[""CartPole-v0""]], True][""observation""] -> EnvStep[EnvCreate[""CartPole-v0""], EnvActionSpaceSample[EnvCreate[""CartPole-v0""]], True][""reward""]"
"EnvStep[EnvCreate[""CartPole-v0""], EnvActionSpaceSample[EnvCreate[""CartPole-v0""]], True][""observation""] -> EnvStep[EnvCreate[""CartPole-v0""], EnvActionSpaceSample[EnvCreate[""CartPole-v0""]], True][""reward""]"
"EnvStep[EnvCreate[""CartPole-v0""], EnvActionSpaceSample[EnvCreate[""CartPole-v0""]], True][""observation""] -> EnvStep[EnvCreate[""CartPole-v0""], EnvActionSpaceSample[EnvCreate[""CartPole-v0""]], True][""reward""]"
"EnvStep[EnvCreate[""CartPole-v0""], EnvActionSpaceSample[EnvCreate[""CartPole-v0""]], True][""observation""] -> EnvStep[EnvCreate[""CartPole-v0""], EnvActionSpaceSample[EnvCreate[""CartPole-v0""]], True][""reward""]"
"EnvStep[EnvCreate[""CartPole-v0""], EnvActionSpaceSample[EnvCreate[""CartPole-v0""]], True][""observation""] -> EnvStep[EnvCreate[""CartPole-v0""], EnvActionSpaceSample[EnvCreate[""CartPole-v0""]], True][""reward""]"
"EnvStep[EnvCreate[""CartPole-v0""], EnvActionSpaceSample[EnvCreate[""CartPole-v0""]], True][""observation""] -> EnvStep[EnvCreate[""CartPole-v0""], EnvActionSpaceSample[EnvCreate[""CartPole-v0""]], True][""reward""]"
"EnvStep[EnvCreate[""CartPole-v0""], EnvActionSpaceSample[EnvCreate[""CartPole-v0""]], True][""observation""] -> EnvStep[EnvCreate[""CartPole-v0""], EnvActionSpaceSample[EnvCreate[""CartPole-v0""]], True][""reward""]"
"EnvStep[EnvCreate[""CartPole-v0""], EnvActionSpaceSample[EnvCreate[""CartPole-v0""]], True][""observation""] -> EnvStep[EnvCreate[""CartPole-v0""], EnvActionSpaceSample[EnvCreate[""CartPole-v0""]], True][""reward""]"
"EnvStep[EnvCreate[""CartPole-v0""], EnvActionSpaceSample[EnvCreate[""CartPole-v0""]], True][""observation""] -> EnvStep[EnvCreate[""CartPole-v0""], EnvActionSpaceSample[EnvCreate[""CartPole-v0""]], True][""reward""]"
"EnvStep[EnvCreate[""CartPole-v0""], EnvActionSpaceSample[EnvCreate[""CartPole-v0""]], True][""observation""] -> EnvStep[EnvCreate[""CartPole-v0""], EnvActionSpaceSample[EnvCreate[""CartPole-v0""]], True][""reward""]"
"EnvStep[EnvCreate[""CartPole-v0""], EnvActionSpaceSample[EnvCreate[""CartPole-v0""]], True][""observation""] -> EnvStep[EnvCreate[""CartPole-v0""], EnvActionSpaceSample[EnvCreate[""CartPole-v0""]], True][""reward""]"
"EnvStep[EnvCreate[""CartPole-v0""], EnvActionSpaceSample[EnvCreate[""CartPole-v0""]], True][""observation""] -> EnvStep[EnvCreate[""CartPole-v0""], EnvActionSpaceSample[EnvCreate[""CartPole-v0""]], True][""reward""]"
"EnvStep[EnvCreate[""CartPole-v0""], EnvActionSpaceSample[EnvCreate[""CartPole-v0""]], True][""observation""] -> EnvStep[EnvCreate[""CartPole-v0""], EnvActionSpaceSample[EnvCreate[""CartPole-v0""]], True][""reward""]"
"EnvStep[EnvCreate[""CartPole-v0""], EnvActionSpaceSample[EnvCreate[""CartPole-v0""]], True][""observation""] -> EnvStep[EnvCreate[""CartPole-v0""], EnvActionSpaceSample[EnvCreate[""CartPole-v0""]], True][""reward""]"
"EnvStep[EnvCreate[""CartPole-v0""], EnvActionSpaceSample[EnvCreate[""CartPole-v0""]], True][""observation""] -> EnvStep[EnvCreate[""CartPole-v0""], EnvActionSpaceSample[EnvCreate[""CartPole-v0""]], True][""reward""]"
"EnvStep[EnvCreate[""CartPole-v0""], EnvActionSpaceSample[EnvCreate[""CartPole-v0""]], True][""observation""] -> EnvStep[EnvCreate[""CartPole-v0""], EnvActionSpaceSample[EnvCreate[""CartPole-v0""]], True][""reward""]"
"EnvStep[EnvCreate[""CartPole-v0""], EnvActionSpaceSample[EnvCreate[""CartPole-v0""]], True][""observation""] -> EnvStep[EnvCreate[""CartPole-v0""], EnvActionSpaceSample[EnvCreate[""CartPole-v0""]], True][""reward""]"
"EnvStep[EnvCreate[""CartPole-v0""], EnvActionSpaceSample[EnvCreate[""CartPole-v0""]], True][""observation""] -> EnvStep[EnvCreate[""CartPole-v0""], EnvActionSpaceSample[EnvCreate[""CartPole-v0""]], True][""reward""]"
"EnvStep[EnvCreate[""CartPole-v0""], EnvActionSpaceSample[EnvCreate[""CartPole-v0""]], True][""observation""] -> EnvStep[EnvCreate[""CartPole-v0""], EnvActionSpaceSample[EnvCreate[""CartPole-v0""]], True][""reward""]"
"EnvStep[EnvCreate[""CartPole-v0""], EnvActionSpaceSample[EnvCreate[""CartPole-v0""]], True][""observation""] -> EnvStep[EnvCreate[""CartPole-v0""], EnvActionSpaceSample[EnvCreate[""CartPole-v0""]], True][""reward""]"
"EnvStep[EnvCreate[""CartPole-v0""], EnvActionSpaceSample[EnvCreate[""CartPole-v0""]], True][""observation""] -> EnvStep[EnvCreate[""CartPole-v0""], EnvActionSpaceSample[EnvCreate[""CartPole-v0""]], True][""reward""]"
"EnvStep[EnvCreate[""CartPole-v0""], EnvActionSpaceSample[EnvCreate[""CartPole-v0""]], True][""observation""] -> EnvStep[EnvCreate[""CartPole-v0""], EnvActionSpaceSample[EnvCreate[""CartPole-v0""]], True][""reward""]"
"EnvStep[EnvCreate[""CartPole-v0""], EnvActionSpaceSample[EnvCreate[""CartPole-v0""]], True][""observation""] -> EnvStep[EnvCreate[""CartPole-v0""], EnvActionSpaceSample[EnvCreate[""CartPole-v0""]], True][""reward""]"
"EnvStep[EnvCreate[""CartPole-v0""], EnvActionSpaceSample[EnvCreate[""CartPole-v0""]], True][""observation""] -> EnvStep[EnvCreate[""CartPole-v0""], EnvActionSpaceSample[EnvCreate[""CartPole-v0""]], True][""reward""]"
"EnvStep[EnvCreate[""CartPole-v0""], EnvActionSpaceSample[EnvCreate[""CartPole-v0""]], True][""observation""] -> EnvStep[EnvCreate[""CartPole-v0""], EnvActionSpaceSample[EnvCreate[""CartPole-v0""]], True][""reward""]"
"EnvStep[EnvCreate[""CartPole-v0""], EnvActionSpaceSample[EnvCreate[""CartPole-v0""]], True][""observation""] -> EnvStep[EnvCreate[""CartPole-v0""], EnvActionSpaceSample[EnvCreate[""CartPole-v0""]], True][""reward""]"
"EnvStep[EnvCreate[""CartPole-v0""], EnvActionSpaceSample[EnvCreate[""CartPole-v0""]], True][""observation""] -> EnvStep[EnvCreate[""CartPole-v0""], EnvActionSpaceSample[EnvCreate[""CartPole-v0""]], True][""reward""]"
"EnvStep[EnvCreate[""CartPole-v0""], EnvActionSpaceSample[EnvCreate[""CartPole-v0""]], True][""observation""] -> EnvStep[EnvCreate[""CartPole-v0""], EnvActionSpaceSample[EnvCreate[""CartPole-v0""]], True][""reward""]"
"EnvStep[EnvCreate[""CartPole-v0""], EnvActionSpaceSample[EnvCreate[""CartPole-v0""]], True][""observation""] -> EnvStep[EnvCreate[""CartPole-v0""], EnvActionSpaceSample[EnvCreate[""CartPole-v0""]], True][""reward""]"
"EnvStep[EnvCreate[""CartPole-v0""], EnvActionSpaceSample[EnvCreate[""CartPole-v0""]], True][""observation""] -> EnvStep[EnvCreate[""CartPole-v0""], EnvActionSpaceSample[EnvCreate[""CartPole-v0""]], True][""reward""]"
"EnvStep[EnvCreate[""CartPole-v0""], EnvActionSpaceSample[EnvCreate[""CartPole-v0""]], True][""observation""] -> EnvStep[EnvCreate[""CartPole-v0""], EnvActionSpaceSample[EnvCreate[""CartPole-v0""]], True][""reward""]"
"EnvStep[EnvCreate[""CartPole-v0""], EnvActionSpaceSample[EnvCreate[""CartPole-v0""]], True][""observation""] -> EnvStep[EnvCreate[""CartPole-v0""], EnvActionSpaceSample[EnvCreate[""CartPole-v0""]], True][""reward""]"
"EnvStep[EnvCreate[""CartPole-v0""], EnvActionSpaceSample[EnvCreate[""CartPole-v0""]], True][""observation""] -> EnvStep[EnvCreate[""CartPole-v0""], EnvActionSpaceSample[EnvCreate[""CartPole-v0""]], True][""reward""]"
"EnvStep[EnvCreate[""CartPole-v0""], EnvActionSpaceSample[EnvCreate[""CartPole-v0""]], True][""observation""] -> EnvStep[EnvCreate[""CartPole-v0""], EnvActionSpaceSample[EnvCreate[""CartPole-v0""]], True][""reward""]"
"EnvStep[EnvCreate[""CartPole-v0""], EnvActionSpaceSample[EnvCreate[""CartPole-v0""]], True][""observation""] -> EnvStep[EnvCreate[""CartPole-v0""], EnvActionSpaceSample[EnvCreate[""CartPole-v0""]], True][""reward""]"
"EnvStep[EnvCreate[""CartPole-v0""], EnvActionSpaceSample[EnvCreate[""CartPole-v0""]], True][""observation""] -> EnvStep[EnvCreate[""CartPole-v0""], EnvActionSpaceSample[EnvCreate[""CartPole-v0""]], True][""reward""]"
"EnvStep[EnvCreate[""CartPole-v0""], EnvActionSpaceSample[EnvCreate[""CartPole-v0""]], True][""observation""] -> EnvStep[EnvCreate[""CartPole-v0""], EnvActionSpaceSample[EnvCreate[""CartPole-v0""]], True][""reward""]"
"EnvStep[EnvCreate[""CartPole-v0""], EnvActionSpaceSample[EnvCreate[""CartPole-v0""]], True][""observation""] -> EnvStep[EnvCreate[""CartPole-v0""], EnvActionSpaceSample[EnvCreate[""CartPole-v0""]], True][""reward""]"
"EnvStep[EnvCreate[""CartPole-v0""], EnvActionSpaceSample[EnvCreate[""CartPole-v0""]], True][""observation""] -> EnvStep[EnvCreate[""CartPole-v0""], EnvActionSpaceSample[EnvCreate[""CartPole-v0""]], True][""reward""]"
"EnvStep[EnvCreate[""CartPole-v0""], EnvActionSpaceSample[EnvCreate[""CartPole-v0""]], True][""observation""] -> EnvStep[EnvCreate[""CartPole-v0""], EnvActionSpaceSample[EnvCreate[""CartPole-v0""]], True][""reward""]"
"EnvStep[EnvCreate[""CartPole-v0""], EnvActionSpaceSample[EnvCreate[""CartPole-v0""]], True][""observation""] -> EnvStep[EnvCreate[""CartPole-v0""], EnvActionSpaceSample[EnvCreate[""CartPole-v0""]], True][""reward""]"
"EnvStep[EnvCreate[""CartPole-v0""], EnvActionSpaceSample[EnvCreate[""CartPole-v0""]], True][""observation""] -> EnvStep[EnvCreate[""CartPole-v0""], EnvActionSpaceSample[EnvCreate[""CartPole-v0""]], True][""reward""]"
"EnvStep[EnvCreate[""CartPole-v0""], EnvActionSpaceSample[EnvCreate[""CartPole-v0""]], True][""observation""] -> EnvStep[EnvCreate[""CartPole-v0""], EnvActionSpaceSample[EnvCreate[""CartPole-v0""]], True][""reward""]"
"EnvStep[EnvCreate[""CartPole-v0""], EnvActionSpaceSample[EnvCreate[""CartPole-v0""]], True][""observation""] -> EnvStep[EnvCreate[""CartPole-v0""], EnvActionSpaceSample[EnvCreate[""CartPole-v0""]], True][""reward""]"
"EnvStep[EnvCreate[""CartPole-v0""], EnvActionSpaceSample[EnvCreate[""CartPole-v0""]], True][""observation""] -> EnvStep[EnvCreate[""CartPole-v0""], EnvActionSpaceSample[EnvCreate[""CartPole-v0""]], True][""reward""]"
"EnvStep[EnvCreate[""CartPole-v0""], EnvActionSpaceSample[EnvCreate[""CartPole-v0""]], True][""observation""] -> EnvStep[EnvCreate[""CartPole-v0""], EnvActionSpaceSample[EnvCreate[""CartPole-v0""]], True][""reward""]"
"EnvStep[EnvCreate[""CartPole-v0""], EnvActionSpaceSample[EnvCreate[""CartPole-v0""]], True][""observation""] -> EnvStep[EnvCreate[""CartPole-v0""], EnvActionSpaceSample[EnvCreate[""CartPole-v0""]], True][""reward""]"
"EnvStep[EnvCreate[""CartPole-v0""], EnvActionSpaceSample[EnvCreate[""CartPole-v0""]], True][""observation""] -> EnvStep[EnvCreate[""CartPole-v0""], EnvActionSpaceSample[EnvCreate[""CartPole-v0""]], True][""reward""]"
"EnvStep[EnvCreate[""CartPole-v0""], EnvActionSpaceSample[EnvCreate[""CartPole-v0""]], True][""observation""] -> EnvStep[EnvCreate[""CartPole-v0""], EnvActionSpaceSample[EnvCreate[""CartPole-v0""]], True][""reward""]"
"EnvStep[EnvCreate[""CartPole-v0""], EnvActionSpaceSample[EnvCreate[""CartPole-v0""]], True][""observation""] -> EnvStep[EnvCreate[""CartPole-v0""], EnvActionSpaceSample[EnvCreate[""CartPole-v0""]], True][""reward""]"
"EnvStep[EnvCreate[""CartPole-v0""], EnvActionSpaceSample[EnvCreate[""CartPole-v0""]], True][""observation""] -> EnvStep[EnvCreate[""CartPole-v0""], EnvActionSpaceSample[EnvCreate[""CartPole-v0""]], True][""reward""]"
"EnvStep[EnvCreate[""CartPole-v0""], EnvActionSpaceSample[EnvCreate[""CartPole-v0""]], True][""observation""] -> EnvStep[EnvCreate[""CartPole-v0""], EnvActionSpaceSample[EnvCreate[""CartPole-v0""]], True][""reward""]"
"EnvStep[EnvCreate[""CartPole-v0""], EnvActionSpaceSample[EnvCreate[""CartPole-v0""]], True][""observation""] -> EnvStep[EnvCreate[""CartPole-v0""], EnvActionSpaceSample[EnvCreate[""CartPole-v0""]], True][""reward""]"
"EnvStep[EnvCreate[""CartPole-v0""], EnvActionSpaceSample[EnvCreate[""CartPole-v0""]], True][""observation""] -> EnvStep[EnvCreate[""CartPole-v0""], EnvActionSpaceSample[EnvCreate[""CartPole-v0""]], True][""reward""]"
"EnvStep[EnvCreate[""CartPole-v0""], EnvActionSpaceSample[EnvCreate[""CartPole-v0""]], True][""observation""] -> EnvStep[EnvCreate[""CartPole-v0""], EnvActionSpaceSample[EnvCreate[""CartPole-v0""]], True][""reward""]"
"EnvStep[EnvCreate[""CartPole-v0""], EnvActionSpaceSample[EnvCreate[""CartPole-v0""]], True][""observation""] -> EnvStep[EnvCreate[""CartPole-v0""], EnvActionSpaceSample[EnvCreate[""CartPole-v0""]], True][""reward""]"
"EnvStep[EnvCreate[""CartPole-v0""], EnvActionSpaceSample[EnvCreate[""CartPole-v0""]], True][""observation""] -> EnvStep[EnvCreate[""CartPole-v0""], EnvActionSpaceSample[EnvCreate[""CartPole-v0""]], True][""reward""]"
"EnvStep[EnvCreate[""CartPole-v0""], EnvActionSpaceSample[EnvCreate[""CartPole-v0""]], True][""observation""] -> EnvStep[EnvCreate[""CartPole-v0""], EnvActionSpaceSample[EnvCreate[""CartPole-v0""]], True][""reward""]"
"EnvStep[EnvCreate[""CartPole-v0""], EnvActionSpaceSample[EnvCreate[""CartPole-v0""]], True][""observation""] -> EnvStep[EnvCreate[""CartPole-v0""], EnvActionSpaceSample[EnvCreate[""CartPole-v0""]], True][""reward""]"
"EnvStep[EnvCreate[""CartPole-v0""], EnvActionSpaceSample[EnvCreate[""CartPole-v0""]], True][""observation""] -> EnvStep[EnvCreate[""CartPole-v0""], EnvActionSpaceSample[EnvCreate[""CartPole-v0""]], True][""reward""]"
"EnvStep[EnvCreate[""CartPole-v0""], EnvActionSpaceSample[EnvCreate[""CartPole-v0""]], True][""observation""] -> EnvStep[EnvCreate[""CartPole-v0""], EnvActionSpaceSample[EnvCreate[""CartPole-v0""]], True][""reward""]"
"EnvStep[EnvCreate[""CartPole-v0""], EnvActionSpaceSample[EnvCreate[""CartPole-v0""]], True][""observation""] -> EnvStep[EnvCreate[""CartPole-v0""], EnvActionSpaceSample[EnvCreate[""CartPole-v0""]], True][""reward""]"
"EnvStep[EnvCreate[""CartPole-v0""], EnvActionSpaceSample[EnvCreate[""CartPole-v0""]], True][""observation""] -> EnvStep[EnvCreate[""CartPole-v0""], EnvActionSpaceSample[EnvCreate[""CartPole-v0""]], True][""reward""]"
"EnvStep[EnvCreate[""CartPole-v0""], EnvActionSpaceSample[EnvCreate[""CartPole-v0""]], True][""observation""] -> EnvStep[EnvCreate[""CartPole-v0""], EnvActionSpaceSample[EnvCreate[""CartPole-v0""]], True][""reward""]"
"EnvStep[EnvCreate[""CartPole-v0""], EnvActionSpaceSample[EnvCreate[""CartPole-v0""]], True][""observation""] -> EnvStep[EnvCreate[""CartPole-v0""], EnvActionSpaceSample[EnvCreate[""CartPole-v0""]], True][""reward""]"
"EnvStep[EnvCreate[""CartPole-v0""], EnvActionSpaceSample[EnvCreate[""CartPole-v0""]], True][""observation""] -> EnvStep[EnvCreate[""CartPole-v0""], EnvActionSpaceSample[EnvCreate[""CartPole-v0""]], True][""reward""]"
"EnvStep[EnvCreate[""CartPole-v0""], EnvActionSpaceSample[EnvCreate[""CartPole-v0""]], True][""observation""] -> EnvStep[EnvCreate[""CartPole-v0""], EnvActionSpaceSample[EnvCreate[""CartPole-v0""]], True][""reward""]"
"EnvStep[EnvCreate[""CartPole-v0""], EnvActionSpaceSample[EnvCreate[""CartPole-v0""]], True][""observation""] -> EnvStep[EnvCreate[""CartPole-v0""], EnvActionSpaceSample[EnvCreate[""CartPole-v0""]], True][""reward""]"
"EnvStep[EnvCreate[""CartPole-v0""], EnvActionSpaceSample[EnvCreate[""CartPole-v0""]], True][""observation""] -> EnvStep[EnvCreate[""CartPole-v0""], EnvActionSpaceSample[EnvCreate[""CartPole-v0""]], True][""reward""]"
"EnvStep[EnvCreate[""CartPole-v0""], EnvActionSpaceSample[EnvCreate[""CartPole-v0""]], True][""observation""] -> EnvStep[EnvCreate[""CartPole-v0""], EnvActionSpaceSample[EnvCreate[""CartPole-v0""]], True][""reward""]"
"EnvStep[EnvCreate[""CartPole-v0""], EnvActionSpaceSample[EnvCreate[""CartPole-v0""]], True][""observation""] -> EnvStep[EnvCreate[""CartPole-v0""], EnvActionSpaceSample[EnvCreate[""CartPole-v0""]], True][""reward""]"
"EnvStep[EnvCreate[""CartPole-v0""], EnvActionSpaceSample[EnvCreate[""CartPole-v0""]], True][""observation""] -> EnvStep[EnvCreate[""CartPole-v0""], EnvActionSpaceSample[EnvCreate[""CartPole-v0""]], True][""reward""]"
"EnvStep[EnvCreate[""CartPole-v0""], EnvActionSpaceSample[EnvCreate[""CartPole-v0""]], True][""observation""] -> EnvStep[EnvCreate[""CartPole-v0""], EnvActionSpaceSample[EnvCreate[""CartPole-v0""]], True][""reward""]"
"EnvStep[EnvCreate[""CartPole-v0""], EnvActionSpaceSample[EnvCreate[""CartPole-v0""]], True][""observation""] -> EnvStep[EnvCreate[""CartPole-v0""], EnvActionSpaceSample[EnvCreate[""CartPole-v0""]], True][""reward""]"
"EnvStep[EnvCreate[""CartPole-v0""], EnvActionSpaceSample[EnvCreate[""CartPole-v0""]], True][""observation""] -> EnvStep[EnvCreate[""CartPole-v0""], EnvActionSpaceSample[EnvCreate[""CartPole-v0""]], True][""reward""]"
"EnvStep[EnvCreate[""CartPole-v0""], EnvActionSpaceSample[EnvCreate[""CartPole-v0""]], True][""observation""] -> EnvStep[EnvCreate[""CartPole-v0""], EnvActionSpaceSample[EnvCreate[""CartPole-v0""]], True][""reward""]"
"EnvStep[EnvCreate[""CartPole-v0""], EnvActionSpaceSample[EnvCreate[""CartPole-v0""]], True][""observation""] -> EnvStep[EnvCreate[""CartPole-v0""], EnvActionSpaceSample[EnvCreate[""CartPole-v0""]], True][""reward""]"
"EnvStep[EnvCreate[""CartPole-v0""], EnvActionSpaceSample[EnvCreate[""CartPole-v0""]], True][""observation""] -> EnvStep[EnvCreate[""CartPole-v0""], EnvActionSpaceSample[EnvCreate[""CartPole-v0""]], True][""reward""]"
"EnvStep[EnvCreate[""CartPole-v0""], EnvActionSpaceSample[EnvCreate[""CartPole-v0""]], True][""observation""] -> EnvStep[EnvCreate[""CartPole-v0""], EnvActionSpaceSample[EnvCreate[""CartPole-v0""]], True][""reward""]"
"EnvStep[EnvCreate[""CartPole-v0""], EnvActionSpaceSample[EnvCreate[""CartPole-v0""]], True][""observation""] -> EnvStep[EnvCreate[""CartPole-v0""], EnvActionSpaceSample[EnvCreate[""CartPole-v0""]], True][""reward""]"
"EnvStep[EnvCreate[""CartPole-v0""], EnvActionSpaceSample[EnvCreate[""CartPole-v0""]], True][""observation""] -> EnvStep[EnvCreate[""CartPole-v0""], EnvActionSpaceSample[EnvCreate[""CartPole-v0""]], True][""reward""]"
"EnvStep[EnvCreate[""CartPole-v0""], EnvActionSpaceSample[EnvCreate[""CartPole-v0""]], True][""observation""] -> EnvStep[EnvCreate[""CartPole-v0""], EnvActionSpaceSample[EnvCreate[""CartPole-v0""]], True][""reward""]"
"EnvStep[EnvCreate[""CartPole-v0""], EnvActionSpaceSample[EnvCreate[""CartPole-v0""]], True][""observation""] -> EnvStep[EnvCreate[""CartPole-v0""], EnvActionSpaceSample[EnvCreate[""CartPole-v0""]], True][""reward""]"
"EnvStep[EnvCreate[""CartPole-v0""], EnvActionSpaceSample[EnvCreate[""CartPole-v0""]], True][""observation""] -> EnvStep[EnvCreate[""CartPole-v0""], EnvActionSpaceSample[EnvCreate[""CartPole-v0""]], True][""reward""]"
"EnvStep[EnvCreate[""CartPole-v0""], EnvActionSpaceSample[EnvCreate[""CartPole-v0""]], True][""observation""] -> EnvStep[EnvCreate[""CartPole-v0""], EnvActionSpaceSample[EnvCreate[""CartPole-v0""]], True][""reward""]"
"EnvStep[EnvCreate[""CartPole-v0""], EnvActionSpaceSample[EnvCreate[""CartPole-v0""]], True][""observation""] -> EnvStep[EnvCreate[""CartPole-v0""], EnvActionSpaceSample[EnvCreate[""CartPole-v0""]], True][""reward""]"
"EnvStep[EnvCreate[""CartPole-v0""], EnvActionSpaceSample[EnvCreate[""CartPole-v0""]], True][""observation""] -> EnvStep[EnvCreate[""CartPole-v0""], EnvActionSpaceSample[EnvCreate[""CartPole-v0""]], True][""reward""]"
"EnvStep[EnvCreate[""CartPole-v0""], EnvActionSpaceSample[EnvCreate[""CartPole-v0""]], True][""observation""] -> EnvStep[EnvCreate[""CartPole-v0""], EnvActionSpaceSample[EnvCreate[""CartPole-v0""]], True][""reward""]"
"EnvStep[EnvCreate[""CartPole-v0""], EnvActionSpaceSample[EnvCreate[""CartPole-v0""]], True][""observation""] -> EnvStep[EnvCreate[""CartPole-v0""], EnvActionSpaceSample[EnvCreate[""CartPole-v0""]], True][""reward""]"
"EnvStep[EnvCreate[""CartPole-v0""], EnvActionSpaceSample[EnvCreate[""CartPole-v0""]], True][""observation""] -> EnvStep[EnvCreate[""CartPole-v0""], EnvActionSpaceSample[EnvCreate[""CartPole-v0""]], True][""reward""]"
"EnvStep[EnvCreate[""CartPole-v0""], EnvActionSpaceSample[EnvCreate[""CartPole-v0""]], True][""observation""] -> EnvStep[EnvCreate[""CartPole-v0""], EnvActionSpaceSample[EnvCreate[""CartPole-v0""]], True][""reward""]"
"EnvStep[EnvCreate[""CartPole-v0""], EnvActionSpaceSample[EnvCreate[""CartPole-v0""]], True][""observation""] -> EnvStep[EnvCreate[""CartPole-v0""], EnvActionSpaceSample[EnvCreate[""CartPole-v0""]], True][""reward""]"
"EnvStep[EnvCreate[""CartPole-v0""], EnvActionSpaceSample[EnvCreate[""CartPole-v0""]], True][""observation""] -> EnvStep[EnvCreate[""CartPole-v0""], EnvActionSpaceSample[EnvCreate[""CartPole-v0""]], True][""reward""]"
"EnvStep[EnvCreate[""CartPole-v0""], EnvActionSpaceSample[EnvCreate[""CartPole-v0""]], True][""observation""] -> EnvStep[EnvCreate[""CartPole-v0""], EnvActionSpaceSample[EnvCreate[""CartPole-v0""]], True][""reward""]"
"EnvStep[EnvCreate[""CartPole-v0""], EnvActionSpaceSample[EnvCreate[""CartPole-v0""]], True][""observation""] -> EnvStep[EnvCreate[""CartPole-v0""], EnvActionSpaceSample[EnvCreate[""CartPole-v0""]], True][""reward""]"
"EnvStep[EnvCreate[""CartPole-v0""], EnvActionSpaceSample[EnvCreate[""CartPole-v0""]], True][""observation""] -> EnvStep[EnvCreate[""CartPole-v0""], EnvActionSpaceSample[EnvCreate[""CartPole-v0""]], True][""reward""]"
"EnvStep[EnvCreate[""CartPole-v0""], EnvActionSpaceSample[EnvCreate[""CartPole-v0""]], True][""observation""] -> EnvStep[EnvCreate[""CartPole-v0""], EnvActionSpaceSample[EnvCreate[""CartPole-v0""]], True][""reward""]"
"EnvStep[EnvCreate[""CartPole-v0""], EnvActionSpaceSample[EnvCreate[""CartPole-v0""]], True][""observation""] -> EnvStep[EnvCreate[""CartPole-v0""], EnvActionSpaceSample[EnvCreate[""CartPole-v0""]], True][""reward""]"
"EnvStep[EnvCreate[""CartPole-v0""], EnvActionSpaceSample[EnvCreate[""CartPole-v0""]], True][""observation""] -> EnvStep[EnvCreate[""CartPole-v0""], EnvActionSpaceSample[EnvCreate[""CartPole-v0""]], True][""reward""]"
"EnvStep[EnvCreate[""CartPole-v0""], EnvActionSpaceSample[EnvCreate[""CartPole-v0""]], True][""observation""] -> EnvStep[EnvCreate[""CartPole-v0""], EnvActionSpaceSample[EnvCreate[""CartPole-v0""]], True][""reward""]"
"EnvStep[EnvCreate[""CartPole-v0""], EnvActionSpaceSample[EnvCreate[""CartPole-v0""]], True][""observation""] -> EnvStep[EnvCreate[""CartPole-v0""], EnvActionSpaceSample[EnvCreate[""CartPole-v0""]], True][""reward""]"
"EnvStep[EnvCreate[""CartPole-v0""], EnvActionSpaceSample[EnvCreate[""CartPole-v0""]], True][""observation""] -> EnvStep[EnvCreate[""CartPole-v0""], EnvActionSpaceSample[EnvCreate[""CartPole-v0""]], True][""reward""]"
"EnvStep[EnvCreate[""CartPole-v0""], EnvActionSpaceSample[EnvCreate[""CartPole-v0""]], True][""observation""] -> EnvStep[EnvCreate[""CartPole-v0""], EnvActionSpaceSample[EnvCreate[""CartPole-v0""]], True][""reward""]"
"EnvStep[EnvCreate[""CartPole-v0""], EnvActionSpaceSample[EnvCreate[""CartPole-v0""]], True][""observation""] -> EnvStep[EnvCreate[""CartPole-v0""], EnvActionSpaceSample[EnvCreate[""CartPole-v0""]], True][""reward""]"
"EnvStep[EnvCreate[""CartPole-v0""], EnvActionSpaceSample[EnvCreate[""CartPole-v0""]], True][""observation""] -> EnvStep[EnvCreate[""CartPole-v0""], EnvActionSpaceSample[EnvCreate[""CartPole-v0""]], True][""reward""]"
"EnvStep[EnvCreate[""CartPole-v0""], EnvActionSpaceSample[EnvCreate[""CartPole-v0""]], True][""observation""] -> EnvStep[EnvCreate[""CartPole-v0""], EnvActionSpaceSample[EnvCreate[""CartPole-v0""]], True][""reward""]"
"EnvStep[EnvCreate[""CartPole-v0""], EnvActionSpaceSample[EnvCreate[""CartPole-v0""]], True][""observation""] -> EnvStep[EnvCreate[""CartPole-v0""], EnvActionSpaceSample[EnvCreate[""CartPole-v0""]], True][""reward""]"
"EnvStep[EnvCreate[""CartPole-v0""], EnvActionSpaceSample[EnvCreate[""CartPole-v0""]], True][""observation""] -> EnvStep[EnvCreate[""CartPole-v0""], EnvActionSpaceSample[EnvCreate[""CartPole-v0""]], True][""reward""]"
"EnvStep[EnvCreate[""CartPole-v0""], EnvActionSpaceSample[EnvCreate[""CartPole-v0""]], True][""observation""] -> EnvStep[EnvCreate[""CartPole-v0""], EnvActionSpaceSample[EnvCreate[""CartPole-v0""]], True][""reward""]"
"EnvStep[EnvCreate[""CartPole-v0""], EnvActionSpaceSample[EnvCreate[""CartPole-v0""]], True][""observation""] -> EnvStep[EnvCreate[""CartPole-v0""], EnvActionSpaceSample[EnvCreate[""CartPole-v0""]], True][""reward""]"
"EnvStep[EnvCreate[""CartPole-v0""], EnvActionSpaceSample[EnvCreate[""CartPole-v0""]], True][""observation""] -> EnvStep[EnvCreate[""CartPole-v0""], EnvActionSpaceSample[EnvCreate[""CartPole-v0""]], True][""reward""]"
"EnvStep[EnvCreate[""CartPole-v0""], EnvActionSpaceSample[EnvCreate[""CartPole-v0""]], True][""observation""] -> EnvStep[EnvCreate[""CartPole-v0""], EnvActionSpaceSample[EnvCreate[""CartPole-v0""]], True][""reward""]"
"EnvStep[EnvCreate[""CartPole-v0""], EnvActionSpaceSample[EnvCreate[""CartPole-v0""]], True][""observation""] -> EnvStep[EnvCreate[""CartPole-v0""], EnvActionSpaceSample[EnvCreate[""CartPole-v0""]], True][""reward""]"
"EnvStep[EnvCreate[""CartPole-v0""], EnvActionSpaceSample[EnvCreate[""CartPole-v0""]], True][""observation""] -> EnvStep[EnvCreate[""CartPole-v0""], EnvActionSpaceSample[EnvCreate[""CartPole-v0""]], True][""reward""]"
"EnvStep[EnvCreate[""CartPole-v0""], EnvActionSpaceSample[EnvCreate[""CartPole-v0""]], True][""observation""] -> EnvStep[EnvCreate[""CartPole-v0""], EnvActionSpaceSample[EnvCreate[""CartPole-v0""]], True][""reward""]"
"EnvStep[EnvCreate[""CartPole-v0""], EnvActionSpaceSample[EnvCreate[""CartPole-v0""]], True][""observation""] -> EnvStep[EnvCreate[""CartPole-v0""], EnvActionSpaceSample[EnvCreate[""CartPole-v0""]], True][""reward""]"
"EnvStep[EnvCreate[""CartPole-v0""], EnvActionSpaceSample[EnvCreate[""CartPole-v0""]], True][""observation""] -> EnvStep[EnvCreate[""CartPole-v0""], EnvActionSpaceSample[EnvCreate[""CartPole-v0""]], True][""reward""]"
"EnvStep[EnvCreate[""CartPole-v0""], EnvActionSpaceSample[EnvCreate[""CartPole-v0""]], True][""observation""] -> EnvStep[EnvCreate[""CartPole-v0""], EnvActionSpaceSample[EnvCreate[""CartPole-v0""]], True][""reward""]"
"EnvStep[EnvCreate[""CartPole-v0""], EnvActionSpaceSample[EnvCreate[""CartPole-v0""]], True][""observation""] -> EnvStep[EnvCreate[""CartPole-v0""], EnvActionSpaceSample[EnvCreate[""CartPole-v0""]], True][""reward""]"
"EnvStep[EnvCreate[""CartPole-v0""], EnvActionSpaceSample[EnvCreate[""CartPole-v0""]], True][""observation""] -> EnvStep[EnvCreate[""CartPole-v0""], EnvActionSpaceSample[EnvCreate[""CartPole-v0""]], True][""reward""]"
"EnvStep[EnvCreate[""CartPole-v0""], EnvActionSpaceSample[EnvCreate[""CartPole-v0""]], True][""observation""] -> EnvStep[EnvCreate[""CartPole-v0""], EnvActionSpaceSample[EnvCreate[""CartPole-v0""]], True][""reward""]"
"EnvStep[EnvCreate[""CartPole-v0""], EnvActionSpaceSample[EnvCreate[""CartPole-v0""]], True][""observation""] -> EnvStep[EnvCreate[""CartPole-v0""], EnvActionSpaceSample[EnvCreate[""CartPole-v0""]], True][""reward""]"
"EnvStep[EnvCreate[""CartPole-v0""], EnvActionSpaceSample[EnvCreate[""CartPole-v0""]], True][""observation""] -> EnvStep[EnvCreate[""CartPole-v0""], EnvActionSpaceSample[EnvCreate[""CartPole-v0""]], True][""reward""]"
"EnvStep[EnvCreate[""CartPole-v0""], EnvActionSpaceSample[EnvCreate[""CartPole-v0""]], True][""observation""] -> EnvStep[EnvCreate[""CartPole-v0""], EnvActionSpaceSample[EnvCreate[""CartPole-v0""]], True][""reward""]"
"EnvStep[EnvCreate[""CartPole-v0""], EnvActionSpaceSample[EnvCreate[""CartPole-v0""]], True][""observation""] -> EnvStep[EnvCreate[""CartPole-v0""], EnvActionSpaceSample[EnvCreate[""CartPole-v0""]], True][""reward""]"
"EnvStep[EnvCreate[""CartPole-v0""], EnvActionSpaceSample[EnvCreate[""CartPole-v0""]], True][""observation""] -> EnvStep[EnvCreate[""CartPole-v0""], EnvActionSpaceSample[EnvCreate[""CartPole-v0""]], True][""reward""]"
"EnvStep[EnvCreate[""CartPole-v0""], EnvActionSpaceSample[EnvCreate[""CartPole-v0""]], True][""observation""] -> EnvStep[EnvCreate[""CartPole-v0""], EnvActionSpaceSample[EnvCreate[""CartPole-v0""]], True][""reward""]"
"EnvStep[EnvCreate[""CartPole-v0""], EnvActionSpaceSample[EnvCreate[""CartPole-v0""]], True][""observation""] -> EnvStep[EnvCreate[""CartPole-v0""], EnvActionSpaceSample[EnvCreate[""CartPole-v0""]], True][""reward""]"
"EnvStep[EnvCreate[""CartPole-v0""], EnvActionSpaceSample[EnvCreate[""CartPole-v0""]], True][""observation""] -> EnvStep[EnvCreate[""CartPole-v0""], EnvActionSpaceSample[EnvCreate[""CartPole-v0""]], True][""reward""]"
"EnvStep[EnvCreate[""CartPole-v0""], EnvActionSpaceSample[EnvCreate[""CartPole-v0""]], True][""observation""] -> EnvStep[EnvCreate[""CartPole-v0""], EnvActionSpaceSample[EnvCreate[""CartPole-v0""]], True][""reward""]"
"EnvStep[EnvCreate[""CartPole-v0""], EnvActionSpaceSample[EnvCreate[""CartPole-v0""]], True][""observation""] -> EnvStep[EnvCreate[""CartPole-v0""], EnvActionSpaceSample[EnvCreate[""CartPole-v0""]], True][""reward""]"
"EnvStep[EnvCreate[""CartPole-v0""], EnvActionSpaceSample[EnvCreate[""CartPole-v0""]], True][""observation""] -> EnvStep[EnvCreate[""CartPole-v0""], EnvActionSpaceSample[EnvCreate[""CartPole-v0""]], True][""reward""]"
"EnvStep[EnvCreate[""CartPole-v0""], EnvActionSpaceSample[EnvCreate[""CartPole-v0""]], True][""observation""] -> EnvStep[EnvCreate[""CartPole-v0""], EnvActionSpaceSample[EnvCreate[""CartPole-v0""]], True][""reward""]"
"EnvStep[EnvCreate[""CartPole-v0""], EnvActionSpaceSample[EnvCreate[""CartPole-v0""]], True][""observation""] -> EnvStep[EnvCreate[""CartPole-v0""], EnvActionSpaceSample[EnvCreate[""CartPole-v0""]], True][""reward""]"
"EnvStep[EnvCreate[""CartPole-v0""], EnvActionSpaceSample[EnvCreate[""CartPole-v0""]], True][""observation""] -> EnvStep[EnvCreate[""CartPole-v0""], EnvActionSpaceSample[EnvCreate[""CartPole-v0""]], True][""reward""]"
"EnvStep[EnvCreate[""CartPole-v0""], EnvActionSpaceSample[EnvCreate[""CartPole-v0""]], True][""observation""] -> EnvStep[EnvCreate[""CartPole-v0""], EnvActionSpaceSample[EnvCreate[""CartPole-v0""]], True][""reward""]"
"EnvStep[EnvCreate[""CartPole-v0""], EnvActionSpaceSample[EnvCreate[""CartPole-v0""]], True][""observation""] -> EnvStep[EnvCreate[""CartPole-v0""], EnvActionSpaceSample[EnvCreate[""CartPole-v0""]], True][""reward""]"
"EnvStep[EnvCreate[""CartPole-v0""], EnvActionSpaceSample[EnvCreate[""CartPole-v0""]], True][""observation""] -> EnvStep[EnvCreate[""CartPole-v0""], EnvActionSpaceSample[EnvCreate[""CartPole-v0""]], True][""reward""]"
"EnvStep[EnvCreate[""CartPole-v0""], EnvActionSpaceSample[EnvCreate[""CartPole-v0""]], True][""observation""] -> EnvStep[EnvCreate[""CartPole-v0""], EnvActionSpaceSample[EnvCreate[""CartPole-v0""]], True][""reward""]"
"EnvStep[EnvCreate[""CartPole-v0""], EnvActionSpaceSample[EnvCreate[""CartPole-v0""]], True][""observation""] -> EnvStep[EnvCreate[""CartPole-v0""], EnvActionSpaceSample[EnvCreate[""CartPole-v0""]], True][""reward""]"
"EnvStep[EnvCreate[""CartPole-v0""], EnvActionSpaceSample[EnvCreate[""CartPole-v0""]], True][""observation""] -> EnvStep[EnvCreate[""CartPole-v0""], EnvActionSpaceSample[EnvCreate[""CartPole-v0""]], True][""reward""]"
"EnvStep[EnvCreate[""CartPole-v0""], EnvActionSpaceSample[EnvCreate[""CartPole-v0""]], True][""observation""] -> EnvStep[EnvCreate[""CartPole-v0""], EnvActionSpaceSample[EnvCreate[""CartPole-v0""]], True][""reward""]"
"EnvStep[EnvCreate[""CartPole-v0""], EnvActionSpaceSample[EnvCreate[""CartPole-v0""]], True][""observation""] -> EnvStep[EnvCreate[""CartPole-v0""], EnvActionSpaceSample[EnvCreate[""CartPole-v0""]], True][""reward""]"
"EnvStep[EnvCreate[""CartPole-v0""], EnvActionSpaceSample[EnvCreate[""CartPole-v0""]], True][""observation""] -> EnvStep[EnvCreate[""CartPole-v0""], EnvActionSpaceSample[EnvCreate[""CartPole-v0""]], True][""reward""]"
"EnvStep[EnvCreate[""CartPole-v0""], EnvActionSpaceSample[EnvCreate[""CartPole-v0""]], True][""observation""] -> EnvStep[EnvCreate[""CartPole-v0""], EnvActionSpaceSample[EnvCreate[""CartPole-v0""]], True][""reward""]"
"EnvStep[EnvCreate[""CartPole-v0""], EnvActionSpaceSample[EnvCreate[""CartPole-v0""]], True][""observation""] -> EnvStep[EnvCreate[""CartPole-v0""], EnvActionSpaceSample[EnvCreate[""CartPole-v0""]], True][""reward""]"
"EnvStep[EnvCreate[""CartPole-v0""], EnvActionSpaceSample[EnvCreate[""CartPole-v0""]], True][""observation""] -> EnvStep[EnvCreate[""CartPole-v0""], EnvActionSpaceSample[EnvCreate[""CartPole-v0""]], True][""reward""]"
"EnvStep[EnvCreate[""CartPole-v0""], EnvActionSpaceSample[EnvCreate[""CartPole-v0""]], True][""observation""] -> EnvStep[EnvCreate[""CartPole-v0""], EnvActionSpaceSample[EnvCreate[""CartPole-v0""]], True][""reward""]"
"EnvStep[EnvCreate[""CartPole-v0""], EnvActionSpaceSample[EnvCreate[""CartPole-v0""]], True][""observation""] -> EnvStep[EnvCreate[""CartPole-v0""], EnvActionSpaceSample[EnvCreate[""CartPole-v0""]], True][""reward""]"
"EnvStep[EnvCreate[""CartPole-v0""], EnvActionSpaceSample[EnvCreate[""CartPole-v0""]], True][""observation""] -> EnvStep[EnvCreate[""CartPole-v0""], EnvActionSpaceSample[EnvCreate[""CartPole-v0""]], True][""reward""]"
"EnvStep[EnvCreate[""CartPole-v0""], EnvActionSpaceSample[EnvCreate[""CartPole-v0""]], True][""observation""] -> EnvStep[EnvCreate[""CartPole-v0""], EnvActionSpaceSample[EnvCreate[""CartPole-v0""]], True][""reward""]"
"EnvStep[EnvCreate[""CartPole-v0""], EnvActionSpaceSample[EnvCreate[""CartPole-v0""]], True][""observation""] -> EnvStep[EnvCreate[""CartPole-v0""], EnvActionSpaceSample[EnvCreate[""CartPole-v0""]], True][""reward""]"
"EnvStep[EnvCreate[""CartPole-v0""], EnvActionSpaceSample[EnvCreate[""CartPole-v0""]], True][""observation""] -> EnvStep[EnvCreate[""CartPole-v0""], EnvActionSpaceSample[EnvCreate[""CartPole-v0""]], True][""reward""]"
"EnvStep[EnvCreate[""CartPole-v0""], EnvActionSpaceSample[EnvCreate[""CartPole-v0""]], True][""observation""] -> EnvStep[EnvCreate[""CartPole-v0""], EnvActionSpaceSample[EnvCreate[""CartPole-v0""]], True][""reward""]"
"EnvStep[EnvCreate[""CartPole-v0""], EnvActionSpaceSample[EnvCreate[""CartPole-v0""]], True][""observation""] -> EnvStep[EnvCreate[""CartPole-v0""], EnvActionSpaceSample[EnvCreate[""CartPole-v0""]], True][""reward""]"
"EnvStep[EnvCreate[""CartPole-v0""], EnvActionSpaceSample[EnvCreate[""CartPole-v0""]], True][""observation""] -> EnvStep[EnvCreate[""CartPole-v0""], EnvActionSpaceSample[EnvCreate[""CartPole-v0""]], True][""reward""]"
"EnvStep[EnvCreate[""CartPole-v0""], EnvActionSpaceSample[EnvCreate[""CartPole-v0""]], True][""observation""] -> EnvStep[EnvCreate[""CartPole-v0""], EnvActionSpaceSample[EnvCreate[""CartPole-v0""]], True][""reward""]"
"EnvStep[EnvCreate[""CartPole-v0""], EnvActionSpaceSample[EnvCreate[""CartPole-v0""]], True][""observation""] -> EnvStep[EnvCreate[""CartPole-v0""], EnvActionSpaceSample[EnvCreate[""CartPole-v0""]], True][""reward""]"
"EnvStep[EnvCreate[""CartPole-v0""], EnvActionSpaceSample[EnvCreate[""CartPole-v0""]], True][""observation""] -> EnvStep[EnvCreate[""CartPole-v0""], EnvActionSpaceSample[EnvCreate[""CartPole-v0""]], True][""reward""]"
"EnvStep[EnvCreate[""CartPole-v0""], EnvActionSpaceSample[EnvCreate[""CartPole-v0""]], True][""observation""] -> EnvStep[EnvCreate[""CartPole-v0""], EnvActionSpaceSample[EnvCreate[""CartPole-v0""]], True][""reward""]"
"EnvStep[EnvCreate[""CartPole-v0""], EnvActionSpaceSample[EnvCreate[""CartPole-v0""]], True][""observation""] -> EnvStep[EnvCreate[""CartPole-v0""], EnvActionSpaceSample[EnvCreate[""CartPole-v0""]], True][""reward""]"
"EnvStep[EnvCreate[""CartPole-v0""], EnvActionSpaceSample[EnvCreate[""CartPole-v0""]], True][""observation""] -> EnvStep[EnvCreate[""CartPole-v0""], EnvActionSpaceSample[EnvCreate[""CartPole-v0""]], True][""reward""]"
"EnvStep[EnvCreate[""CartPole-v0""], EnvActionSpaceSample[EnvCreate[""CartPole-v0""]], True][""observation""] -> EnvStep[EnvCreate[""CartPole-v0""], EnvActionSpaceSample[EnvCreate[""CartPole-v0""]], True][""reward""]"
"EnvStep[EnvCreate[""CartPole-v0""], EnvActionSpaceSample[EnvCreate[""CartPole-v0""]], True][""observation""] -> EnvStep[EnvCreate[""CartPole-v0""], EnvActionSpaceSample[EnvCreate[""CartPole-v0""]], True][""reward""]"
"EnvStep[EnvCreate[""CartPole-v0""], EnvActionSpaceSample[EnvCreate[""CartPole-v0""]], True][""observation""] -> EnvStep[EnvCreate[""CartPole-v0""], EnvActionSpaceSample[EnvCreate[""CartPole-v0""]], True][""reward""]"
"EnvStep[EnvCreate[""CartPole-v0""], EnvActionSpaceSample[EnvCreate[""CartPole-v0""]], True][""observation""] -> EnvStep[EnvCreate[""CartPole-v0""], EnvActionSpaceSample[EnvCreate[""CartPole-v0""]], True][""reward""]"
"EnvStep[EnvCreate[""CartPole-v0""], EnvActionSpaceSample[EnvCreate[""CartPole-v0""]], True][""observation""] -> EnvStep[EnvCreate[""CartPole-v0""], EnvActionSpaceSample[EnvCreate[""CartPole-v0""]], True][""reward""]"
"EnvStep[EnvCreate[""CartPole-v0""], EnvActionSpaceSample[EnvCreate[""CartPole-v0""]], True][""observation""] -> EnvStep[EnvCreate[""CartPole-v0""], EnvActionSpaceSample[EnvCreate[""CartPole-v0""]], True][""reward""]"
"EnvStep[EnvCreate[""CartPole-v0""], EnvActionSpaceSample[EnvCreate[""CartPole-v0""]], True][""observation""] -> EnvStep[EnvCreate[""CartPole-v0""], EnvActionSpaceSample[EnvCreate[""CartPole-v0""]], True][""reward""]"
"EnvStep[EnvCreate[""CartPole-v0""], EnvActionSpaceSample[EnvCreate[""CartPole-v0""]], True][""observation""] -> EnvStep[EnvCreate[""CartPole-v0""], EnvActionSpaceSample[EnvCreate[""CartPole-v0""]], True][""reward""]"
"EnvStep[EnvCreate[""CartPole-v0""], EnvActionSpaceSample[EnvCreate[""CartPole-v0""]], True][""observation""] -> EnvStep[EnvCreate[""CartPole-v0""], EnvActionSpaceSample[EnvCreate[""CartPole-v0""]], True][""reward""]"
"EnvStep[EnvCreate[""CartPole-v0""], EnvActionSpaceSample[EnvCreate[""CartPole-v0""]], True][""observation""] -> EnvStep[EnvCreate[""CartPole-v0""], EnvActionSpaceSample[EnvCreate[""CartPole-v0""]], True][""reward""]"
"EnvStep[EnvCreate[""CartPole-v0""], EnvActionSpaceSample[EnvCreate[""CartPole-v0""]], True][""observation""] -> EnvStep[EnvCreate[""CartPole-v0""], EnvActionSpaceSample[EnvCreate[""CartPole-v0""]], True][""reward""]"
"EnvStep[EnvCreate[""CartPole-v0""], EnvActionSpaceSample[EnvCreate[""CartPole-v0""]], True][""observation""] -> EnvStep[EnvCreate[""CartPole-v0""], EnvActionSpaceSample[EnvCreate[""CartPole-v0""]], True][""reward""]"
"EnvStep[EnvCreate[""CartPole-v0""], EnvActionSpaceSample[EnvCreate[""CartPole-v0""]], True][""observation""] -> EnvStep[EnvCreate[""CartPole-v0""], EnvActionSpaceSample[EnvCreate[""CartPole-v0""]], True][""reward""]"
"EnvStep[EnvCreate[""CartPole-v0""], EnvActionSpaceSample[EnvCreate[""CartPole-v0""]], True][""observation""] -> EnvStep[EnvCreate[""CartPole-v0""], EnvActionSpaceSample[EnvCreate[""CartPole-v0""]], True][""reward""]"
"EnvStep[EnvCreate[""CartPole-v0""], EnvActionSpaceSample[EnvCreate[""CartPole-v0""]], True][""observation""] -> EnvStep[EnvCreate[""CartPole-v0""], EnvActionSpaceSample[EnvCreate[""CartPole-v0""]], True][""reward""]"
"EnvStep[EnvCreate[""CartPole-v0""], EnvActionSpaceSample[EnvCreate[""CartPole-v0""]], True][""observation""] -> EnvStep[EnvCreate[""CartPole-v0""], EnvActionSpaceSample[EnvCreate[""CartPole-v0""]], True][""reward""]"
"EnvStep[EnvCreate[""CartPole-v0""], EnvActionSpaceSample[EnvCreate[""CartPole-v0""]], True][""observation""] -> EnvStep[EnvCreate[""CartPole-v0""], EnvActionSpaceSample[EnvCreate[""CartPole-v0""]], True][""reward""]"
"EnvStep[EnvCreate[""CartPole-v0""], EnvActionSpaceSample[EnvCreate[""CartPole-v0""]], True][""observation""] -> EnvStep[EnvCreate[""CartPole-v0""], EnvActionSpaceSample[EnvCreate[""CartPole-v0""]], True][""reward""]"
"EnvStep[EnvCreate[""CartPole-v0""], EnvActionSpaceSample[EnvCreate[""CartPole-v0""]], True][""observation""] -> EnvStep[EnvCreate[""CartPole-v0""], EnvActionSpaceSample[EnvCreate[""CartPole-v0""]], True][""reward""]"
"EnvStep[EnvCreate[""CartPole-v0""], EnvActionSpaceSample[EnvCreate[""CartPole-v0""]], True][""observation""] -> EnvStep[EnvCreate[""CartPole-v0""], EnvActionSpaceSample[EnvCreate[""CartPole-v0""]], True][""reward""]"
"EnvStep[EnvCreate[""CartPole-v0""], EnvActionSpaceSample[EnvCreate[""CartPole-v0""]], True][""observation""] -> EnvStep[EnvCreate[""CartPole-v0""], EnvActionSpaceSample[EnvCreate[""CartPole-v0""]], True][""reward""]"
"EnvStep[EnvCreate[""CartPole-v0""], EnvActionSpaceSample[EnvCreate[""CartPole-v0""]], True][""observation""] -> EnvStep[EnvCreate[""CartPole-v0""], EnvActionSpaceSample[EnvCreate[""CartPole-v0""]], True][""reward""]"
"EnvStep[EnvCreate[""CartPole-v0""], EnvActionSpaceSample[EnvCreate[""CartPole-v0""]], True][""observation""] -> EnvStep[EnvCreate[""CartPole-v0""], EnvActionSpaceSample[EnvCreate[""CartPole-v0""]], True][""reward""]"
"EnvStep[EnvCreate[""CartPole-v0""], EnvActionSpaceSample[EnvCreate[""CartPole-v0""]], True][""observation""] -> EnvStep[EnvCreate[""CartPole-v0""], EnvActionSpaceSample[EnvCreate[""CartPole-v0""]], True][""reward""]"
"EnvStep[EnvCreate[""CartPole-v0""], EnvActionSpaceSample[EnvCreate[""CartPole-v0""]], True][""observation""] -> EnvStep[EnvCreate[""CartPole-v0""], EnvActionSpaceSample[EnvCreate[""CartPole-v0""]], True][""reward""]"
"EnvStep[EnvCreate[""CartPole-v0""], EnvActionSpaceSample[EnvCreate[""CartPole-v0""]], True][""observation""] -> EnvStep[EnvCreate[""CartPole-v0""], EnvActionSpaceSample[EnvCreate[""CartPole-v0""]], True][""reward""]"
"EnvStep[EnvCreate[""CartPole-v0""], EnvActionSpaceSample[EnvCreate[""CartPole-v0""]], True][""observation""] -> EnvStep[EnvCreate[""CartPole-v0""], EnvActionSpaceSample[EnvCreate[""CartPole-v0""]], True][""reward""]"
"EnvStep[EnvCreate[""CartPole-v0""], EnvActionSpaceSample[EnvCreate[""CartPole-v0""]], True][""observation""] -> EnvStep[EnvCreate[""CartPole-v0""], EnvActionSpaceSample[EnvCreate[""CartPole-v0""]], True][""reward""]"
"EnvStep[EnvCreate[""CartPole-v0""], EnvActionSpaceSample[EnvCreate[""CartPole-v0""]], True][""observation""] -> EnvStep[EnvCreate[""CartPole-v0""], EnvActionSpaceSample[EnvCreate[""CartPole-v0""]], True][""reward""]"
"EnvStep[EnvCreate[""CartPole-v0""], EnvActionSpaceSample[EnvCreate[""CartPole-v0""]], True][""observation""] -> EnvStep[EnvCreate[""CartPole-v0""], EnvActionSpaceSample[EnvCreate[""CartPole-v0""]], True][""reward""]"
"EnvStep[EnvCreate[""CartPole-v0""], EnvActionSpaceSample[EnvCreate[""CartPole-v0""]], True][""observation""] -> EnvStep[EnvCreate[""CartPole-v0""], EnvActionSpaceSample[EnvCreate[""CartPole-v0""]], True][""reward""]"
"EnvStep[EnvCreate[""CartPole-v0""], EnvActionSpaceSample[EnvCreate[""CartPole-v0""]], True][""observation""] -> EnvStep[EnvCreate[""CartPole-v0""], EnvActionSpaceSample[EnvCreate[""CartPole-v0""]], True][""reward""]"
"EnvStep[EnvCreate[""CartPole-v0""], EnvActionSpaceSample[EnvCreate[""CartPole-v0""]], True][""observation""] -> EnvStep[EnvCreate[""CartPole-v0""], EnvActionSpaceSample[EnvCreate[""CartPole-v0""]], True][""reward""]"
"EnvStep[EnvCreate[""CartPole-v0""], EnvActionSpaceSample[EnvCreate[""CartPole-v0""]], True][""observation""] -> EnvStep[EnvCreate[""CartPole-v0""], EnvActionSpaceSample[EnvCreate[""CartPole-v0""]], True][""reward""]"
"EnvStep[EnvCreate[""CartPole-v0""], EnvActionSpaceSample[EnvCreate[""CartPole-v0""]], True][""observation""] -> EnvStep[EnvCreate[""CartPole-v0""], EnvActionSpaceSample[EnvCreate[""CartPole-v0""]], True][""reward""]"
"EnvStep[EnvCreate[""CartPole-v0""], EnvActionSpaceSample[EnvCreate[""CartPole-v0""]], True][""observation""] -> EnvStep[EnvCreate[""CartPole-v0""], EnvActionSpaceSample[EnvCreate[""CartPole-v0""]], True][""reward""]"
"EnvStep[EnvCreate[""CartPole-v0""], EnvActionSpaceSample[EnvCreate[""CartPole-v0""]], True][""observation""] -> EnvStep[EnvCreate[""CartPole-v0""], EnvActionSpaceSample[EnvCreate[""CartPole-v0""]], True][""reward""]"
"EnvStep[EnvCreate[""CartPole-v0""], EnvActionSpaceSample[EnvCreate[""CartPole-v0""]], True][""observation""] -> EnvStep[EnvCreate[""CartPole-v0""], EnvActionSpaceSample[EnvCreate[""CartPole-v0""]], True][""reward""]"
"EnvStep[EnvCreate[""CartPole-v0""], EnvActionSpaceSample[EnvCreate[""CartPole-v0""]], True][""observation""] -> EnvStep[EnvCreate[""CartPole-v0""], EnvActionSpaceSample[EnvCreate[""CartPole-v0""]], True][""reward""]"
"EnvStep[EnvCreate[""CartPole-v0""], EnvActionSpaceSample[EnvCreate[""CartPole-v0""]], True][""observation""] -> EnvStep[EnvCreate[""CartPole-v0""], EnvActionSpaceSample[EnvCreate[""CartPole-v0""]], True][""reward""]"
"EnvStep[EnvCreate[""CartPole-v0""], EnvActionSpaceSample[EnvCreate[""CartPole-v0""]], True][""observation""] -> EnvStep[EnvCreate[""CartPole-v0""], EnvActionSpaceSample[EnvCreate[""CartPole-v0""]], True][""reward""]"
"EnvStep[EnvCreate[""CartPole-v0""], EnvActionSpaceSample[EnvCreate[""CartPole-v0""]], True][""observation""] -> EnvStep[EnvCreate[""CartPole-v0""], EnvActionSpaceSample[EnvCreate[""CartPole-v0""]], True][""reward""]"
"EnvStep[EnvCreate[""CartPole-v0""], EnvActionSpaceSample[EnvCreate[""CartPole-v0""]], True][""observation""] -> EnvStep[EnvCreate[""CartPole-v0""], EnvActionSpaceSample[EnvCreate[""CartPole-v0""]], True][""reward""]"
"EnvStep[EnvCreate[""CartPole-v0""], EnvActionSpaceSample[EnvCreate[""CartPole-v0""]], True][""observation""] -> EnvStep[EnvCreate[""CartPole-v0""], EnvActionSpaceSample[EnvCreate[""CartPole-v0""]], True][""reward""]"
"EnvStep[EnvCreate[""CartPole-v0""], EnvActionSpaceSample[EnvCreate[""CartPole-v0""]], True][""observation""] -> EnvStep[EnvCreate[""CartPole-v0""], EnvActionSpaceSample[EnvCreate[""CartPole-v0""]], True][""reward""]"
"EnvStep[EnvCreate[""CartPole-v0""], EnvActionSpaceSample[EnvCreate[""CartPole-v0""]], True][""observation""] -> EnvStep[EnvCreate[""CartPole-v0""], EnvActionSpaceSample[EnvCreate[""CartPole-v0""]], True][""reward""]"
"EnvStep[EnvCreate[""CartPole-v0""], EnvActionSpaceSample[EnvCreate[""CartPole-v0""]], True][""observation""] -> EnvStep[EnvCreate[""CartPole-v0""], EnvActionSpaceSample[EnvCreate[""CartPole-v0""]], True][""reward""]"
"EnvStep[EnvCreate[""CartPole-v0""], EnvActionSpaceSample[EnvCreate[""CartPole-v0""]], True][""observation""] -> EnvStep[EnvCreate[""CartPole-v0""], EnvActionSpaceSample[EnvCreate[""CartPole-v0""]], True][""reward""]"
"EnvStep[EnvCreate[""CartPole-v0""], EnvActionSpaceSample[EnvCreate[""CartPole-v0""]], True][""observation""] -> EnvStep[EnvCreate[""CartPole-v0""], EnvActionSpaceSample[EnvCreate[""CartPole-v0""]], True][""reward""]"
"EnvStep[EnvCreate[""CartPole-v0""], EnvActionSpaceSample[EnvCreate[""CartPole-v0""]], True][""observation""] -> EnvStep[EnvCreate[""CartPole-v0""], EnvActionSpaceSample[EnvCreate[""CartPole-v0""]], True][""reward""]"
"EnvStep[EnvCreate[""CartPole-v0""], EnvActionSpaceSample[EnvCreate[""CartPole-v0""]], True][""observation""] -> EnvStep[EnvCreate[""CartPole-v0""], EnvActionSpaceSample[EnvCreate[""CartPole-v0""]], True][""reward""]"
"EnvStep[EnvCreate[""CartPole-v0""], EnvActionSpaceSample[EnvCreate[""CartPole-v0""]], True][""observation""] -> EnvStep[EnvCreate[""CartPole-v0""], EnvActionSpaceSample[EnvCreate[""CartPole-v0""]], True][""reward""]"
"EnvStep[EnvCreate[""CartPole-v0""], EnvActionSpaceSample[EnvCreate[""CartPole-v0""]], True][""observation""] -> EnvStep[EnvCreate[""CartPole-v0""], EnvActionSpaceSample[EnvCreate[""CartPole-v0""]], True][""reward""]"
"EnvStep[EnvCreate[""CartPole-v0""], EnvActionSpaceSample[EnvCreate[""CartPole-v0""]], True][""observation""] -> EnvStep[EnvCreate[""CartPole-v0""], EnvActionSpaceSample[EnvCreate[""CartPole-v0""]], True][""reward""]"
"EnvStep[EnvCreate[""CartPole-v0""], EnvActionSpaceSample[EnvCreate[""CartPole-v0""]], True][""observation""] -> EnvStep[EnvCreate[""CartPole-v0""], EnvActionSpaceSample[EnvCreate[""CartPole-v0""]], True][""reward""]"
"EnvStep[EnvCreate[""CartPole-v0""], EnvActionSpaceSample[EnvCreate[""CartPole-v0""]], True][""observation""] -> EnvStep[EnvCreate[""CartPole-v0""], EnvActionSpaceSample[EnvCreate[""CartPole-v0""]], True][""reward""]"
"EnvStep[EnvCreate[""CartPole-v0""], EnvActionSpaceSample[EnvCreate[""CartPole-v0""]], True][""observation""] -> EnvStep[EnvCreate[""CartPole-v0""], EnvActionSpaceSample[EnvCreate[""CartPole-v0""]], True][""reward""]"
"EnvStep[EnvCreate[""CartPole-v0""], EnvActionSpaceSample[EnvCreate[""CartPole-v0""]], True][""observation""] -> EnvStep[EnvCreate[""CartPole-v0""], EnvActionSpaceSample[EnvCreate[""CartPole-v0""]], True][""reward""]"
"EnvStep[EnvCreate[""CartPole-v0""], EnvActionSpaceSample[EnvCreate[""CartPole-v0""]], True][""observation""] -> EnvStep[EnvCreate[""CartPole-v0""], EnvActionSpaceSample[EnvCreate[""CartPole-v0""]], True][""reward""]"
"EnvStep[EnvCreate[""CartPole-v0""], EnvActionSpaceSample[EnvCreate[""CartPole-v0""]], True][""observation""] -> EnvStep[EnvCreate[""CartPole-v0""], EnvActionSpaceSample[EnvCreate[""CartPole-v0""]], True][""reward""]"
"EnvStep[EnvCreate[""CartPole-v0""], EnvActionSpaceSample[EnvCreate[""CartPole-v0""]], True][""observation""] -> EnvStep[EnvCreate[""CartPole-v0""], EnvActionSpaceSample[EnvCreate[""CartPole-v0""]], True][""reward""]"
"EnvStep[EnvCreate[""CartPole-v0""], EnvActionSpaceSample[EnvCreate[""CartPole-v0""]], True][""observation""] -> EnvStep[EnvCreate[""CartPole-v0""], EnvActionSpaceSample[EnvCreate[""CartPole-v0""]], True][""reward""]"
"EnvStep[EnvCreate[""CartPole-v0""], EnvActionSpaceSample[EnvCreate[""CartPole-v0""]], True][""observation""] -> EnvStep[EnvCreate[""CartPole-v0""], EnvActionSpaceSample[EnvCreate[""CartPole-v0""]], True][""reward""]"
"EnvStep[EnvCreate[""CartPole-v0""], EnvActionSpaceSample[EnvCreate[""CartPole-v0""]], True][""observation""] -> EnvStep[EnvCreate[""CartPole-v0""], EnvActionSpaceSample[EnvCreate[""CartPole-v0""]], True][""reward""]"
"EnvStep[EnvCreate[""CartPole-v0""], EnvActionSpaceSample[EnvCreate[""CartPole-v0""]], True][""observation""] -> EnvStep[EnvCreate[""CartPole-v0""], EnvActionSpaceSample[EnvCreate[""CartPole-v0""]], True][""reward""]"
"EnvStep[EnvCreate[""CartPole-v0""], EnvActionSpaceSample[EnvCreate[""CartPole-v0""]], True][""observation""] -> EnvStep[EnvCreate[""CartPole-v0""], EnvActionSpaceSample[EnvCreate[""CartPole-v0""]], True][""reward""]"
"EnvStep[EnvCreate[""CartPole-v0""], EnvActionSpaceSample[EnvCreate[""CartPole-v0""]], True][""observation""] -> EnvStep[EnvCreate[""CartPole-v0""], EnvActionSpaceSample[EnvCreate[""CartPole-v0""]], True][""reward""]"
"EnvStep[EnvCreate[""CartPole-v0""], EnvActionSpaceSample[EnvCreate[""CartPole-v0""]], True][""observation""] -> EnvStep[EnvCreate[""CartPole-v0""], EnvActionSpaceSample[EnvCreate[""CartPole-v0""]], True][""reward""]"
"EnvStep[EnvCreate[""CartPole-v0""], EnvActionSpaceSample[EnvCreate[""CartPole-v0""]], True][""observation""] -> EnvStep[EnvCreate[""CartPole-v0""], EnvActionSpaceSample[EnvCreate[""CartPole-v0""]], True][""reward""]"
"EnvStep[EnvCreate[""CartPole-v0""], EnvActionSpaceSample[EnvCreate[""CartPole-v0""]], True][""observation""] -> EnvStep[EnvCreate[""CartPole-v0""], EnvActionSpaceSample[EnvCreate[""CartPole-v0""]], True][""reward""]"
"EnvStep[EnvCreate[""CartPole-v0""], EnvActionSpaceSample[EnvCreate[""CartPole-v0""]], True][""observation""] -> EnvStep[EnvCreate[""CartPole-v0""], EnvActionSpaceSample[EnvCreate[""CartPole-v0""]], True][""reward""]"
"EnvStep[EnvCreate[""CartPole-v0""], EnvActionSpaceSample[EnvCreate[""CartPole-v0""]], True][""observation""] -> EnvStep[EnvCreate[""CartPole-v0""], EnvActionSpaceSample[EnvCreate[""CartPole-v0""]], True][""reward""]"
"EnvStep[EnvCreate[""CartPole-v0""], EnvActionSpaceSample[EnvCreate[""CartPole-v0""]], True][""observation""] -> EnvStep[EnvCreate[""CartPole-v0""], EnvActionSpaceSample[EnvCreate[""CartPole-v0""]], True][""reward""]"
"EnvStep[EnvCreate[""CartPole-v0""], EnvActionSpaceSample[EnvCreate[""CartPole-v0""]], True][""observation""] -> EnvStep[EnvCreate[""CartPole-v0""], EnvActionSpaceSample[EnvCreate[""CartPole-v0""]], True][""reward""]"
"EnvStep[EnvCreate[""CartPole-v0""], EnvActionSpaceSample[EnvCreate[""CartPole-v0""]], True][""observation""] -> EnvStep[EnvCreate[""CartPole-v0""], EnvActionSpaceSample[EnvCreate[""CartPole-v0""]], True][""reward""]"
"EnvStep[EnvCreate[""CartPole-v0""], EnvActionSpaceSample[EnvCreate[""CartPole-v0""]], True][""observation""] -> EnvStep[EnvCreate[""CartPole-v0""], EnvActionSpaceSample[EnvCreate[""CartPole-v0""]], True][""reward""]"
"EnvStep[EnvCreate[""CartPole-v0""], EnvActionSpaceSample[EnvCreate[""CartPole-v0""]], True][""observation""] -> EnvStep[EnvCreate[""CartPole-v0""], EnvActionSpaceSample[EnvCreate[""CartPole-v0""]], True][""reward""]"
"EnvStep[EnvCreate[""CartPole-v0""], EnvActionSpaceSample[EnvCreate[""CartPole-v0""]], True][""observation""] -> EnvStep[EnvCreate[""CartPole-v0""], EnvActionSpaceSample[EnvCreate[""CartPole-v0""]], True][""reward""]"
"EnvStep[EnvCreate[""CartPole-v0""], EnvActionSpaceSample[EnvCreate[""CartPole-v0""]], True][""observation""] -> EnvStep[EnvCreate[""CartPole-v0""], EnvActionSpaceSample[EnvCreate[""CartPole-v0""]], True][""reward""]"
"EnvStep[EnvCreate[""CartPole-v0""], EnvActionSpaceSample[EnvCreate[""CartPole-v0""]], True][""observation""] -> EnvStep[EnvCreate[""CartPole-v0""], EnvActionSpaceSample[EnvCreate[""CartPole-v0""]], True][""reward""]"
"EnvStep[EnvCreate[""CartPole-v0""], EnvActionSpaceSample[EnvCreate[""CartPole-v0""]], True][""observation""] -> EnvStep[EnvCreate[""CartPole-v0""], EnvActionSpaceSample[EnvCreate[""CartPole-v0""]], True][""reward""]"
"EnvStep[EnvCreate[""CartPole-v0""], EnvActionSpaceSample[EnvCreate[""CartPole-v0""]], True][""observation""] -> EnvStep[EnvCreate[""CartPole-v0""], EnvActionSpaceSample[EnvCreate[""CartPole-v0""]], True][""reward""]"
"EnvStep[EnvCreate[""CartPole-v0""], EnvActionSpaceSample[EnvCreate[""CartPole-v0""]], True][""observation""] -> EnvStep[EnvCreate[""CartPole-v0""], EnvActionSpaceSample[EnvCreate[""CartPole-v0""]], True][""reward""]"
